Driver_ID,churn_probability,target_max,City,Age_first,Income_mean,risk_band
2197,0.98444253,1,C17,48.0,82179.0,High
138,0.98161006,1,C21,48.0,34827.0,High
2367,0.9814187,1,C25,49.0,56150.0,High
636,0.9809364,1,C20,44.0,95388.0,High
972,0.9791368,1,C1,52.0,47194.0,High
423,0.9790027,1,C20,36.0,43083.0,High
2637,0.9788865,1,C15,41.0,19724.0,High
1661,0.9787243,1,C20,42.0,21898.0,High
1731,0.97867703,1,C28,29.0,61343.0,High
985,0.9784631,1,C25,27.0,49031.0,High
1295,0.9783336,1,C23,31.0,51643.0,High
2236,0.9781039,1,C3,49.0,53572.0,High
406,0.9780266,1,C12,42.0,38625.0,High
2421,0.97777915,1,C28,38.0,58275.0,High
1471,0.9777504,1,C27,35.0,43690.0,High
2176,0.9774924,1,C25,29.0,50029.0,High
1672,0.97739786,1,C14,36.0,115978.0,High
2142,0.9772778,1,C26,44.0,41723.0,High
2489,0.97676635,1,C23,36.0,40775.0,High
744,0.97667056,1,C20,26.0,43322.0,High
2772,0.9766664,1,C26,22.0,51670.0,High
1944,0.9766277,1,C11,45.0,19072.0,High
303,0.97650844,1,C28,42.0,78645.0,High
156,0.97595644,1,C9,41.0,41046.0,High
1369,0.97584355,1,C10,28.0,54231.0,High
1738,0.97576195,1,C26,27.0,53928.0,High
726,0.97513866,1,C18,29.0,51497.0,High
618,0.9749341,1,C6,41.0,54520.0,High
1017,0.974462,1,C14,41.0,57869.0,High
2172,0.97444767,1,C9,27.0,53105.0,High
1904,0.97427094,1,C14,27.0,29148.0,High
1250,0.97407156,1,C14,39.0,55519.0,High
246,0.97405064,1,C10,42.0,64128.0,High
2693,0.97386634,1,C7,24.0,58571.0,High
2400,0.97381264,1,C18,35.0,53643.0,High
1611,0.9736085,1,C4,31.0,23537.0,High
1239,0.97343373,1,C3,23.0,50554.0,High
159,0.97335863,1,C4,43.0,30121.0,High
1616,0.97316325,1,C14,44.0,100297.0,High
61,0.9730862,1,C11,32.0,19818.0,High
2451,0.97271603,1,C21,23.0,23511.0,High
2182,0.9726052,1,C3,23.0,40437.0,High
2377,0.9725467,1,C7,33.0,21346.0,High
2306,0.9725194,1,C27,30.0,40435.0,High
17,0.97248095,1,C20,42.0,51099.0,High
1204,0.97246,1,C18,36.0,40035.0,High
2069,0.9719315,1,C23,42.0,30999.0,High
2116,0.97188425,1,C22,52.0,40592.0,High
2751,0.9718149,1,C17,34.668434595389385,53115.0,High
2563,0.9712918,1,C20,38.0,53880.0,High
133,0.9712713,1,C23,44.0,46858.0,High
1825,0.9709787,1,C13,51.0,11943.0,High
293,0.9708407,1,C11,28.0,45981.0,High
1095,0.97066027,1,C20,23.0,30442.0,High
1569,0.9705879,1,C21,23.0,56760.0,High
997,0.9700041,1,C14,27.0,40654.0,High
2190,0.9699564,1,C7,28.0,62955.0,High
278,0.96993107,1,C2,34.0,52191.0,High
1769,0.96993107,1,C2,32.0,45609.0,High
2600,0.96974695,1,C14,41.0,26460.0,High
1080,0.9697463,1,C9,35.0,47594.0,High
1543,0.9696172,1,C4,44.0,31948.0,High
2162,0.9695774,1,C23,37.0,31809.0,High
2129,0.9694567,1,C17,34.0,59930.0,High
1749,0.9690625,1,C1,32.0,33681.0,High
1952,0.96901244,1,C10,27.0,34020.0,High
518,0.9689612,1,C15,45.0,52199.0,High
566,0.9689242,1,C10,35.0,50504.0,High
794,0.968352,1,C21,33.0,60252.0,High
1916,0.96820307,1,C16,37.0,34619.0,High
266,0.96806705,1,C16,42.0,40102.0,High
1730,0.96786165,1,C9,42.0,51579.0,High
558,0.9678248,1,C11,38.0,55263.0,High
965,0.96773726,1,C20,42.0,74516.0,High
1081,0.96767575,1,C5,24.0,55551.0,High
796,0.9675355,1,C26,32.0,50434.0,High
1939,0.9675243,1,C1,27.0,55315.0,High
2285,0.9674127,1,C28,38.0,40142.0,High
123,0.9672618,1,C24,43.0,41401.0,High
2443,0.9671882,1,C25,25.0,44169.0,High
2102,0.9671358,1,C2,44.0,117708.0,High
1803,0.96677166,1,C3,33.0,52914.0,High
161,0.96673375,1,C25,37.0,35793.0,High
88,0.9664717,1,C3,45.0,62298.0,High
2478,0.96612287,1,C2,25.0,68294.0,High
1091,0.96609247,1,C22,30.0,45720.0,High
125,0.9659178,1,C10,32.0,30847.0,High
475,0.96574765,1,C11,43.0,42714.0,High
2068,0.96556896,1,C11,37.0,39750.0,High
22,0.9654537,1,C10,40.0,31224.0,High
101,0.96533936,1,C10,33.0,38945.0,High
167,0.96532124,1,C18,34.668434595389385,35283.0,High
217,0.9652414,1,C10,31.0,27328.0,High
1261,0.9651701,1,C17,28.0,73103.0,High
1494,0.9651351,1,C18,32.0,34356.0,High
2731,0.9650284,1,C22,42.0,27828.0,High
1072,0.965005,1,C16,26.0,55648.0,High
2015,0.9649909,1,C22,33.0,58203.0,High
481,0.9649455,1,C12,29.0,68341.0,High
1562,0.9649353,1,C17,25.0,31361.0,High
1587,0.9649343,1,C20,46.0,48111.0,High
504,0.9649169,1,C15,32.0,49653.0,High
169,0.96455604,1,C14,33.0,38409.0,High
1287,0.9641145,1,C7,26.0,52789.0,High
29,0.96403205,1,C13,30.0,30312.0,High
1732,0.96397024,1,C10,39.0,42723.0,High
783,0.96395695,1,C3,48.0,76195.0,High
2572,0.9635907,1,C5,44.0,65990.0,High
1402,0.96352905,1,C6,33.0,19072.0,High
615,0.96348953,1,C23,33.0,54056.0,High
179,0.9632686,1,C11,26.0,24490.0,High
1376,0.96294457,1,C23,23.0,44907.0,High
2520,0.962909,1,C18,30.0,34556.0,High
2215,0.96284455,1,C6,27.0,23801.0,High
2098,0.9628382,1,C21,43.0,139882.0,High
2040,0.9627903,1,C15,25.0,20590.0,High
1306,0.9626384,1,C15,35.0,26928.0,High
797,0.9625511,1,C24,33.0,29689.0,High
579,0.9624693,1,C5,30.0,70570.0,High
1559,0.96241826,1,C14,38.0,62853.0,High
1983,0.96202236,1,C23,49.0,76531.0,High
1887,0.9619727,1,C20,33.0,27895.0,High
2130,0.9619727,1,C20,34.0,40948.0,High
2151,0.9619638,1,C14,31.0,52035.0,High
2375,0.96194327,1,C3,41.0,15189.0,High
1639,0.9619296,1,C8,46.0,50533.0,High
1824,0.96190655,1,C26,22.0,27023.0,High
2016,0.9618748,1,C1,23.0,24906.0,High
1629,0.96175534,0,C12,37.0,112424.0,High
86,0.9614877,1,C2,35.0,49510.0,High
305,0.96128553,1,C9,34.668434595389385,20176.0,High
707,0.9611041,1,C4,31.0,58323.0,High
383,0.96103376,0,C17,40.0,43969.0,High
175,0.9606372,1,C13,30.0,27889.0,High
387,0.9605422,1,C22,29.0,45245.0,High
232,0.96029025,1,C15,34.0,23185.0,High
1997,0.9602832,1,C11,34.0,42408.0,High
2409,0.96014285,1,C20,27.0,16676.0,High
1314,0.9600389,1,C13,28.0,36070.0,High
2416,0.95982504,1,C24,32.0,62380.0,High
2495,0.9597305,1,C3,31.0,25228.0,High
1375,0.95964146,1,C1,47.0,44722.0,High
1005,0.9594672,1,C8,30.0,58540.0,High
337,0.9594223,1,C8,45.0,62135.0,High
2384,0.9591157,1,C25,36.0,43764.0,High
1531,0.95892227,1,C25,31.0,46001.0,High
2358,0.958885,1,C4,39.0,33901.0,High
2125,0.95885324,1,C24,40.0,39560.0,High
2787,0.95855147,1,C20,28.0,69498.0,High
1173,0.9582141,0,C22,39.0,26301.0,High
1395,0.9582068,1,C5,46.0,30292.0,High
1933,0.9581909,1,C24,32.0,40086.0,High
1565,0.9581605,1,C9,35.0,30310.0,High
2674,0.95803815,1,C11,28.0,64610.0,High
1424,0.95799714,1,C24,31.0,48369.0,High
1236,0.9579676,1,C10,41.0,94965.0,High
325,0.95788246,1,C15,34.668434595389385,50739.0,High
327,0.95784605,1,C3,38.0,26658.0,High
2211,0.95779914,1,C8,34.0,22556.0,High
882,0.95762825,1,C13,29.0,94945.0,High
1614,0.9575116,1,C27,42.0,20797.0,High
2128,0.95742804,1,C28,37.0,21270.0,High
1996,0.9573928,1,C13,36.0,48436.0,High
2291,0.95708215,1,C2,30.0,62204.0,High
1685,0.9569515,1,C25,33.0,56916.0,High
2292,0.95693225,1,C15,30.0,12895.0,High
1101,0.9564486,1,C25,32.0,26592.0,High
1761,0.95639944,1,C20,39.0,149354.0,High
2263,0.9561905,1,C26,24.0,16216.0,High
1727,0.9561015,1,C1,34.0,29359.0,High
171,0.9555958,1,C23,43.0,56242.0,High
2086,0.9555573,1,C9,45.0,29915.0,High
333,0.9555232,1,C6,44.0,45796.0,High
2450,0.95517516,1,C4,29.0,17481.0,High
2387,0.955124,1,C26,31.0,65298.0,High
1049,0.9549951,1,C26,27.0,37278.0,High
2768,0.9549644,1,C1,30.0,80138.0,High
688,0.95467913,1,C14,45.0,22931.0,High
2774,0.95411897,1,C15,40.0,42313.0,High
379,0.95396984,1,C13,30.0,29106.0,High
614,0.95396215,1,C10,22.0,36474.0,High
2558,0.9538143,1,C19,36.0,29962.0,High
116,0.9537433,1,C11,21.0,16477.0,High
2723,0.9537331,1,C1,42.0,47303.0,High
680,0.9536508,1,C3,36.0,127380.0,High
1483,0.9535798,1,C13,23.0,40408.0,High
2560,0.95328414,1,C22,30.0,47301.0,High
421,0.95323837,1,C4,40.0,93113.0,High
451,0.9531399,1,C16,41.0,123390.0,High
1673,0.95307165,1,C14,51.0,81784.0,High
886,0.95297825,1,C2,36.0,31954.0,High
143,0.95297474,1,C12,39.0,24150.0,High
219,0.9528515,1,C5,35.0,51657.0,High
330,0.9527489,1,C15,39.0,35694.0,High
1721,0.95269454,1,C5,36.0,26206.0,High
1520,0.9525707,1,C5,31.0,64559.0,High
174,0.9525587,1,C21,39.0,22065.0,High
291,0.9525098,1,C20,27.0,49695.0,High
910,0.9524634,1,C2,35.0,44326.0,High
513,0.9523974,1,C20,35.0,22793.0,High
2592,0.9523215,1,C20,35.0,21364.0,High
1886,0.95231915,1,C16,29.0,18192.0,High
1829,0.95204526,1,C2,32.0,53181.0,High
2510,0.9520018,1,C1,41.0,130752.0,High
1248,0.95190084,1,C27,35.0,39499.0,High
2683,0.9517238,1,C6,48.0,81055.0,High
354,0.9516963,1,C11,31.0,60555.0,High
477,0.9515971,1,C19,39.0,29312.0,High
1353,0.95154506,1,C12,44.0,49049.0,High
2626,0.95151514,1,C2,27.0,30083.0,High
49,0.9514462,1,C20,21.0,53039.0,High
2485,0.95143044,1,C13,39.0,51616.0,High
2091,0.9513211,1,C24,39.0,22556.0,High
1926,0.95120406,1,C26,30.0,29575.0,High
2396,0.95115846,1,C26,33.0,53750.0,High
1917,0.95110065,1,C4,30.0,27867.0,High
1312,0.9510531,1,C6,21.0,22115.0,High
2738,0.95077014,1,C17,23.0,23068.0,High
1331,0.95041984,1,C7,39.0,17493.0,High
1759,0.9503818,1,C28,31.0,22738.0,High
897,0.95035505,1,C4,51.0,38502.0,High
994,0.9501692,1,C20,32.0,39502.0,High
2180,0.9500161,1,C22,39.0,11889.0,High
1083,0.94990057,1,C28,26.0,60417.0,High
1212,0.94978786,1,C9,26.0,47419.0,High
915,0.9492021,1,C2,46.0,18512.0,High
803,0.94911695,1,C11,27.0,62232.0,High
21,0.94907725,1,C29,33.0,22755.0,High
1094,0.94898605,1,C8,40.0,56347.0,High
2628,0.9489036,1,C5,27.0,28949.0,High
244,0.9485917,1,C20,39.0,37346.0,High
613,0.9484362,1,C1,30.0,13653.0,High
2033,0.9483726,1,C21,28.0,51303.0,High
974,0.9482997,1,C8,23.0,30461.0,High
1319,0.9481187,1,C5,39.0,25178.0,High
2710,0.9479552,1,C5,38.0,59562.0,High
2034,0.9479178,1,C10,26.0,74087.0,High
1583,0.9478187,1,C16,27.0,12456.0,High
692,0.94769835,1,C23,32.0,31831.0,Medium
1260,0.9476908,1,C17,31.0,15520.0,Medium
435,0.9474798,1,C22,29.0,63479.0,Medium
2508,0.947471,1,C11,37.0,64254.0,Medium
2496,0.9473301,0,C28,23.0,38169.0,Medium
2085,0.94731426,1,C22,30.0,50787.0,Medium
1878,0.94729745,1,C6,29.0,43578.0,Medium
1167,0.9469834,1,C23,28.0,22895.0,Medium
1602,0.9469156,1,C10,38.0,22645.0,Medium
929,0.9468253,1,C4,31.0,20245.0,Medium
1553,0.94680244,1,C1,44.0,24821.0,Medium
1876,0.9467801,1,C15,37.0,18948.0,Medium
2023,0.9467725,1,C8,38.0,37709.0,Medium
473,0.94668585,1,C16,25.0,62431.0,Medium
2154,0.9464761,1,C25,40.0,153766.0,Medium
2676,0.9464513,1,C13,34.0,40608.0,Medium
2696,0.9463967,1,C23,36.0,99907.0,Medium
2302,0.94631505,1,C14,36.0,21530.0,Medium
2601,0.9460009,1,C4,36.0,17566.0,Medium
2319,0.945909,1,C7,38.0,37900.0,Medium
996,0.9458875,1,C6,37.0,46134.0,Medium
709,0.94579256,1,C13,31.0,135436.0,Medium
193,0.94576037,1,C26,46.0,59084.0,Medium
438,0.9457316,1,C9,43.0,81206.0,Medium
1075,0.94568413,1,C14,39.0,52480.0,Medium
1425,0.9455943,1,C16,26.0,37613.0,Medium
418,0.94549537,1,C15,30.0,74051.0,Medium
683,0.9454926,1,C17,41.0,55762.0,Medium
2247,0.9454717,1,C9,29.0,49336.0,Medium
2632,0.94529957,1,C7,26.0,62716.0,Medium
1760,0.94516927,1,C4,30.0,30996.0,Medium
2361,0.945058,1,C3,34.0,29642.0,Medium
2602,0.9447327,1,C24,24.0,15482.0,Medium
2606,0.94466776,1,C8,24.0,21993.0,Medium
1003,0.9444311,1,C18,28.0,11706.0,Medium
1226,0.94438803,1,C7,32.0,12456.0,Medium
2170,0.9443872,1,C14,30.0,52196.0,Medium
2235,0.9443675,1,C10,30.0,21935.0,Medium
1429,0.9443129,1,C7,32.0,70900.0,Medium
474,0.9442306,1,C10,32.0,45068.0,Medium
539,0.9442136,1,C24,36.0,109296.0,Medium
899,0.94409233,1,C20,29.0,28565.0,Medium
1112,0.94403064,1,C13,38.0,27432.0,Medium
2742,0.9439488,1,C1,28.0,22217.0,Medium
2481,0.9439482,1,C2,45.0,44041.0,Medium
1899,0.94390106,1,C15,30.0,57581.0,Medium
2458,0.94358015,1,C21,38.0,33343.0,Medium
2001,0.94349253,1,C23,27.0,39471.0,Medium
609,0.9433948,1,C9,33.0,46186.0,Medium
1458,0.94334894,1,C17,27.0,41971.0,Medium
1746,0.9433239,1,C12,49.0,38478.0,Medium
1008,0.9429012,1,C27,23.0,33831.0,Medium
1275,0.9426951,1,C18,30.0,10883.0,Medium
1350,0.9426761,1,C15,39.0,43705.0,Medium
1059,0.94263035,1,C2,28.0,45330.0,Medium
2642,0.9425342,1,C8,29.0,19447.0,Medium
2507,0.9420657,1,C23,26.0,59536.0,Medium
2342,0.9419743,1,C9,32.0,47102.0,Medium
601,0.9418885,1,C19,33.0,39119.0,Medium
411,0.94185734,1,C1,28.0,52572.0,Medium
18,0.9418272,1,C17,27.0,31631.0,Medium
2643,0.941654,1,C5,28.0,17044.0,Medium
228,0.9414304,1,C6,44.0,53385.0,Medium
2066,0.9414283,1,C29,36.0,63181.0,Medium
1578,0.94126093,1,C13,41.0,54922.0,Medium
2385,0.94118345,1,C17,39.0,57225.0,Medium
2187,0.9411754,1,C20,30.0,25510.0,Medium
419,0.94112927,1,C13,26.0,38390.0,Medium
649,0.94079375,1,C14,32.0,35584.0,Medium
998,0.9406015,1,C19,32.0,37617.0,Medium
1285,0.9405954,1,C12,30.0,55419.0,Medium
1513,0.9405862,1,C28,24.0,19448.0,Medium
1734,0.9404045,1,C19,25.0,22575.0,Medium
136,0.94039476,1,C10,37.0,47009.0,Medium
1609,0.94029874,1,C5,22.0,12987.0,Medium
287,0.94022727,1,C7,30.0,13605.0,Medium
1861,0.9401103,1,C16,39.0,41796.0,Medium
2762,0.94001937,1,C1,40.0,52682.0,Medium
384,0.93999064,1,C27,25.0,52364.0,Medium
2035,0.93988216,1,C6,42.0,66031.0,Medium
939,0.93970305,1,C22,44.0,87153.0,Medium
652,0.9396442,1,C20,33.0,112322.0,Medium
901,0.9395744,1,C8,31.0,41382.0,Medium
2629,0.9393133,1,C21,25.0,14034.0,Medium
812,0.93910414,1,C15,31.0,42395.0,Medium
1865,0.9390521,1,C11,41.0,51764.0,Medium
2641,0.9390266,1,C17,36.0,24985.0,Medium
1246,0.93896455,1,C11,30.0,44069.0,Medium
1913,0.9389446,1,C26,34.0,32285.0,Medium
1000,0.9387954,1,C3,27.0,56016.0,Medium
673,0.9386686,0,C12,35.0,36967.0,Medium
2737,0.9385122,1,C8,27.0,41730.0,Medium
953,0.93849057,1,C13,25.0,17253.0,Medium
1061,0.9382839,1,C10,26.0,24932.0,Medium
1123,0.93823,1,C20,42.0,55112.0,Medium
1979,0.9382231,1,C25,33.0,18642.0,Medium
1703,0.9381413,1,C2,27.0,39434.0,Medium
316,0.93806535,1,C12,47.0,42592.0,Medium
1548,0.9378305,1,C20,27.0,35090.0,Medium
2310,0.93769896,1,C6,31.0,23566.0,Medium
279,0.9376978,1,C2,28.0,41800.0,Medium
2677,0.9376405,1,C21,25.0,42400.0,Medium
625,0.937243,1,C12,31.0,49936.0,Medium
2623,0.9369372,1,C9,41.0,68473.0,Medium
1835,0.93692136,1,C1,28.0,42507.0,Medium
2144,0.93650323,1,C9,36.0,42166.0,Medium
1645,0.9364125,1,C3,24.0,15822.0,Medium
180,0.93604624,1,C29,34.0,95694.0,Medium
55,0.9359998,1,C8,30.0,29985.0,Medium
2586,0.9359876,1,C4,31.0,20983.0,Medium
2061,0.9359293,1,C15,40.0,57975.0,Medium
1386,0.93583626,1,C26,27.0,25458.0,Medium
2724,0.9358222,1,C27,37.0,37944.0,Medium
554,0.9356952,1,C24,36.0,19649.0,Medium
1651,0.9355216,1,C18,42.0,21942.0,Medium
399,0.93552005,1,C5,30.0,40604.0,Medium
820,0.93549895,1,C14,38.0,59166.0,Medium
235,0.9354667,1,C16,39.0,37873.0,Medium
2786,0.9353877,1,C19,44.0,35370.0,Medium
190,0.9353052,1,C1,35.0,108051.0,Medium
142,0.9352409,1,C16,24.0,29807.0,Medium
1601,0.9352399,1,C12,31.0,59932.0,Medium
731,0.9352399,1,C2,35.0,19290.0,Medium
876,0.9352352,1,C25,22.0,39442.0,Medium
2264,0.93518007,1,C15,33.0,73561.0,Medium
1617,0.9351161,1,C3,34.0,45153.0,Medium
484,0.93487394,1,C4,29.0,26562.0,Medium
2709,0.9347527,1,C17,31.0,37940.0,Medium
163,0.93470675,1,C6,29.0,25731.0,Medium
2000,0.93453443,1,C14,24.0,46866.0,Medium
630,0.9342559,1,C28,34.0,51781.0,Medium
1030,0.9342115,1,C2,28.0,20101.0,Medium
410,0.9341991,1,C24,39.0,57225.0,Medium
1108,0.9341923,1,C15,32.0,47188.0,Medium
1418,0.9339168,1,C17,31.0,67679.0,Medium
2687,0.9338252,1,C25,24.0,43753.0,Medium
2138,0.9338221,1,C8,29.0,43989.0,Medium
2663,0.9337757,1,C7,31.0,26716.0,Medium
2589,0.9336709,1,C23,33.0,52222.0,Medium
215,0.93360865,1,C15,25.0,17307.0,Medium
2549,0.93355596,1,C17,31.0,34569.0,Medium
2406,0.9334364,1,C18,32.0,31097.0,Medium
1845,0.9334357,1,C9,30.0,45811.0,Medium
1130,0.93314296,1,C4,26.0,46464.0,Medium
1524,0.9330151,1,C13,35.0,44784.0,Medium
178,0.9328081,1,C7,23.0,36637.0,Medium
42,0.9327884,1,C28,44.0,45988.0,Medium
757,0.93273187,1,C27,34.0,63181.0,Medium
452,0.93270284,1,C19,45.0,104473.0,Medium
2248,0.93268263,1,C12,41.0,68830.0,Medium
2157,0.9325873,1,C10,36.0,46480.0,Medium
2757,0.93257487,1,C24,37.0,56848.0,Medium
2405,0.9324199,1,C7,36.0,167758.0,Medium
2357,0.93232816,0,C4,33.0,24378.0,Medium
1932,0.93200886,1,C7,27.0,63898.0,Medium
2527,0.93186027,1,C5,25.0,16206.0,Medium
1407,0.93177074,1,C26,26.0,27806.0,Medium
917,0.93174654,1,C22,24.0,60391.0,Medium
826,0.9315673,1,C24,27.0,70740.0,Medium
1451,0.9309564,1,C25,25.0,61502.0,Medium
105,0.9306641,1,C4,38.0,67931.0,Medium
1778,0.9306127,1,C3,28.0,47980.0,Medium
426,0.93057925,1,C24,34.0,65053.0,Medium
1696,0.93053126,0,C8,43.0,51246.0,Medium
1154,0.930156,1,C12,33.0,30106.0,Medium
491,0.9300477,1,C2,25.0,41638.0,Medium
2707,0.92991716,1,C24,25.0,12860.0,Medium
1701,0.9299098,1,C9,32.0,17234.0,Medium
154,0.92973804,1,C21,30.0,47211.0,Medium
280,0.92954093,1,C6,32.0,108013.0,Medium
352,0.92949593,1,C24,43.0,39564.0,Medium
896,0.92917985,1,C18,32.0,22680.0,Medium
847,0.92856175,1,C12,29.0,40409.0,Medium
1879,0.9285574,1,C21,45.0,77647.0,Medium
2588,0.9284273,1,C28,31.0,18469.0,Medium
2380,0.9283453,1,C6,26.0,136960.0,Medium
2765,0.9283148,1,C18,26.0,38809.0,Medium
2127,0.9282737,1,C12,33.0,86291.0,Medium
805,0.928266,1,C16,24.0,17676.0,Medium
1185,0.92818344,1,C24,27.0,39328.0,Medium
909,0.9281282,1,C19,48.0,58807.0,Medium
967,0.92811614,1,C11,45.0,59526.0,Medium
2529,0.927982,1,C27,40.0,31816.0,Medium
1976,0.92789376,1,C20,31.0,51181.0,Medium
798,0.92777157,1,C27,37.0,34849.0,Medium
1687,0.92771083,1,C3,33.0,45207.0,Medium
230,0.9276235,1,C25,33.0,44359.0,Medium
1076,0.927576,1,C13,29.0,51837.0,Medium
478,0.92744976,1,C20,31.0,39164.0,Medium
2329,0.9274306,1,C10,32.0,35939.0,Medium
907,0.92734396,1,C20,35.0,39104.0,Medium
1326,0.92734337,1,C20,27.0,41463.0,Medium
553,0.92707026,1,C12,32.0,44273.0,Medium
626,0.9270595,1,C24,35.0,18788.0,Medium
2744,0.92702943,1,C15,41.0,128906.0,Medium
1967,0.9267833,1,C29,41.0,28059.0,Medium
1866,0.9266766,1,C12,33.0,38416.0,Medium
1065,0.92663693,1,C4,46.0,76467.0,Medium
290,0.9266097,1,C5,25.0,66842.0,Medium
2719,0.9266092,1,C7,29.0,27634.0,Medium
860,0.92638385,1,C20,38.0,45269.0,Medium
2665,0.9263457,1,C17,36.0,22719.0,Medium
1517,0.9261477,1,C11,41.0,125545.0,Medium
1860,0.92610323,1,C14,34.0,37704.0,Medium
2159,0.9259736,1,C29,35.0,42813.0,Medium
1390,0.92591363,1,C15,50.0,81150.0,Medium
502,0.9258454,1,C5,23.0,49888.0,Medium
1663,0.92581826,0,C5,36.0,59481.0,Medium
2460,0.9257863,1,C12,26.0,36191.0,Medium
1398,0.925743,1,C18,32.0,44160.0,Medium
1262,0.92570245,1,C20,31.0,66074.0,Medium
1888,0.92564666,0,C20,26.0,41255.0,Medium
183,0.92552155,1,C23,26.0,43263.0,Medium
2721,0.92549366,1,C7,38.0,50168.0,Medium
879,0.9254875,1,C8,38.0,55443.0,Medium
853,0.92537934,1,C13,33.0,29584.0,Medium
868,0.92527133,1,C28,24.0,34497.0,Medium
937,0.9252288,1,C13,32.0,36846.0,Medium
1846,0.9251089,1,C3,38.0,41504.0,Medium
596,0.92510104,1,C12,29.0,66483.0,Medium
1410,0.92506725,1,C5,24.0,44061.0,Medium
2271,0.9250023,1,C2,38.0,55943.0,Medium
1556,0.92486984,1,C26,30.0,21762.0,Medium
2726,0.9246298,1,C28,25.0,45675.0,Medium
43,0.924327,1,C15,27.0,12906.0,Medium
2472,0.92426234,1,C25,33.0,36682.0,Medium
476,0.92416656,1,C16,27.0,22918.0,Medium
677,0.92415893,1,C29,48.0,71072.0,Medium
838,0.923892,1,C11,41.0,52632.0,Medium
1396,0.9237733,1,C16,31.0,54821.0,Medium
2117,0.9235917,1,C4,37.0,41591.0,Medium
1361,0.9235825,1,C17,39.0,26796.0,Medium
1403,0.9234972,1,C1,36.0,64693.0,Medium
2083,0.92346895,1,C17,36.0,46515.0,Medium
340,0.9233879,1,C16,35.0,33327.0,Medium
432,0.92305577,1,C14,35.0,17047.0,Medium
1103,0.9228998,1,C1,26.0,40318.0,Medium
1413,0.9221325,1,C29,26.0,29181.0,Medium
1557,0.921829,1,C12,32.0,47379.0,Medium
488,0.92170817,1,C28,43.0,80716.0,Medium
1113,0.9216922,1,C9,35.0,50769.0,Medium
1542,0.9216754,1,C6,39.0,42300.0,Medium
361,0.921071,1,C21,33.0,13743.0,Medium
2031,0.9210498,1,C4,26.0,48890.0,Medium
2174,0.9209612,1,C20,40.0,19371.0,Medium
299,0.9209338,1,C28,36.0,25851.0,Medium
2506,0.9209146,1,C15,33.0,18173.0,Medium
2206,0.92075366,1,C5,24.0,33391.0,Medium
70,0.92073536,1,C20,35.0,19235.0,Medium
866,0.92066956,1,C2,46.0,29151.0,Medium
821,0.92065454,1,C12,28.0,113120.0,Medium
2732,0.9205342,1,C12,31.0,53480.0,Medium
1832,0.92041206,1,C4,40.0,136307.0,Medium
2720,0.92041147,1,C6,43.0,14375.0,Medium
401,0.92032504,1,C23,38.0,76069.0,Medium
1175,0.92028403,1,C27,41.0,52588.0,Medium
895,0.92025584,1,C14,30.0,34868.0,Medium
2203,0.92023385,1,C7,31.0,59650.0,Medium
1773,0.91998446,1,C11,27.0,81385.0,Medium
424,0.9198006,1,C17,39.0,74684.0,Medium
469,0.91967624,1,C13,31.0,26067.0,Medium
844,0.91949195,1,C26,30.0,21212.0,Medium
312,0.91941226,1,C16,34.0,26047.0,Medium
1506,0.9193769,1,C14,31.0,57107.0,Medium
562,0.91935796,1,C6,29.0,52465.0,Medium
38,0.91931087,1,C27,22.0,13427.0,Medium
968,0.91910464,1,C4,26.0,20785.0,Medium
1906,0.91903454,1,C23,34.0,76092.0,Medium
869,0.9189112,1,C8,36.0,28575.0,Medium
492,0.91886026,1,C19,36.0,23107.0,Medium
2369,0.9186928,1,C14,30.0,14113.0,Medium
2648,0.9186224,1,C5,45.0,38047.0,Medium
1643,0.9186026,1,C25,36.0,47992.0,Medium
2124,0.9186004,1,C13,22.0,68936.0,Medium
1838,0.91849977,1,C7,28.0,22095.0,Medium
1771,0.9184695,1,C15,34.0,40685.0,Medium
390,0.91834635,1,C22,32.0,70428.0,Medium
1305,0.9182641,1,C24,25.0,21150.0,Medium
1561,0.91825014,0,C25,31.0,30292.0,Medium
1156,0.91817385,1,C27,31.0,46239.0,Medium
1681,0.9181542,1,C18,29.0,40325.0,Medium
2735,0.9180915,1,C16,31.0,19037.0,Medium
629,0.91791165,1,C15,43.0,38624.0,Medium
700,0.9178057,1,C10,29.0,31052.0,Medium
99,0.9177926,1,C23,29.0,38068.0,Medium
2404,0.91769814,1,C17,25.0,23711.0,Medium
1709,0.91764987,1,C17,33.0,35823.0,Medium
1702,0.9174999,1,C3,38.0,45148.0,Medium
2759,0.9174989,1,C17,29.0,82260.0,Medium
1384,0.9174767,1,C20,33.0,38059.0,Medium
172,0.91746557,1,C6,41.0,101395.0,Medium
850,0.91740686,1,C1,35.0,113038.0,Medium
2445,0.91721326,1,C21,36.0,90492.0,Medium
2238,0.9172081,1,C17,29.0,37067.0,Medium
81,0.91677165,1,C9,38.0,77177.0,Medium
2227,0.91661555,1,C16,30.0,25357.0,Medium
111,0.9165692,1,C13,51.0,73769.0,Medium
848,0.91647655,0,C28,28.0,45871.0,Medium
204,0.9164123,1,C14,31.0,68151.0,Medium
2431,0.9163544,1,C17,37.0,46832.0,Medium
2209,0.9163425,1,C16,37.0,42339.0,Medium
2309,0.91628844,1,C9,36.0,60982.0,Medium
2025,0.91619736,1,C4,28.0,42234.0,Medium
1954,0.9160769,1,C9,30.0,49213.0,Medium
1033,0.9156764,1,C12,27.0,41705.0,Medium
2590,0.91562617,1,C11,28.0,53554.0,Medium
1323,0.91554123,1,C6,43.0,67140.0,Medium
1166,0.91552544,1,C10,35.0,18378.0,Medium
1627,0.91549885,1,C1,31.0,34473.0,Medium
1959,0.91542256,1,C26,35.0,40099.0,Medium
282,0.9152913,1,C21,29.0,57339.0,Medium
1276,0.91523296,0,C22,36.0,42785.0,Medium
2287,0.9147987,1,C28,33.0,57624.0,Medium
176,0.9147283,1,C15,33.0,21276.0,Medium
2332,0.91458887,1,C4,24.0,33981.0,Medium
260,0.9145694,1,C24,29.0,47864.0,Medium
2585,0.91444945,1,C4,26.0,24676.0,Medium
2009,0.914403,1,C10,28.0,60796.0,Medium
517,0.9142562,1,C1,51.0,59796.0,Medium
216,0.91393566,1,C20,29.0,86340.0,Medium
177,0.9139037,1,C4,30.0,43053.0,Medium
1580,0.9136954,1,C27,27.0,23149.0,Medium
872,0.9136433,1,C28,32.0,19791.0,Medium
1797,0.9135469,1,C8,25.0,45526.0,Medium
2581,0.9135356,1,C29,42.0,29462.0,Medium
877,0.91339034,1,C21,32.0,94770.0,Medium
1744,0.91314983,1,C22,23.0,47072.0,Medium
930,0.9130696,1,C7,37.0,37285.0,Medium
2121,0.91294175,1,C22,26.0,31743.0,Medium
1380,0.91292334,1,C17,28.0,77197.0,Medium
653,0.9128253,1,C1,44.0,64702.0,Medium
883,0.9126525,1,C27,32.0,50863.0,Medium
1508,0.912624,1,C23,32.0,108452.0,Medium
318,0.9123747,1,C3,33.0,37890.0,Medium
2120,0.9122554,1,C4,30.0,19052.0,Medium
12,0.91205305,1,C23,35.0,28116.0,Medium
2528,0.9120091,1,C24,45.0,37521.0,Medium
598,0.911661,1,C9,38.0,78135.0,Medium
1356,0.9113194,1,C11,30.0,29306.0,Medium
1435,0.911251,1,C15,25.0,19020.0,Medium
1443,0.9112297,1,C26,36.0,48540.0,Medium
914,0.91114503,1,C5,26.0,45234.0,Medium
261,0.91101086,1,C20,41.0,90988.0,Medium
2603,0.9109491,1,C5,36.0,50158.0,Medium
1048,0.9108977,1,C1,37.0,52668.0,Medium
935,0.91070324,1,C20,38.0,23823.0,Medium
689,0.91056675,1,C10,28.0,17186.0,Medium
822,0.9105624,1,C23,31.0,42601.0,Medium
1669,0.91025084,1,C25,21.0,11068.0,Medium
2064,0.91018796,1,C5,27.0,78564.0,Medium
722,0.90999144,1,C9,37.0,37839.0,Medium
542,0.9096494,1,C8,43.0,43720.0,Medium
1647,0.90937114,1,C3,25.0,36114.0,Medium
2331,0.90935946,0,C2,23.0,54235.0,Medium
2350,0.90916884,1,C18,38.0,23545.0,Medium
1296,0.9090746,1,C19,25.0,50803.0,Medium
1739,0.90882635,1,C7,30.0,56867.0,Medium
2327,0.9087729,1,C1,34.0,65040.0,Medium
1558,0.9086975,1,C22,30.0,34561.0,Medium
1085,0.9086685,1,C3,35.0,62637.0,Medium
964,0.9084466,1,C8,30.0,46679.0,Medium
223,0.90842116,1,C20,25.0,59108.0,Medium
1525,0.9084048,1,C13,28.0,61884.0,Medium
1337,0.90837413,1,C10,50.0,55465.0,Medium
1498,0.9082672,1,C12,28.0,49570.0,Medium
1459,0.9079837,1,C25,34.0,70994.0,Medium
2220,0.9079146,1,C18,38.0,59077.0,Medium
58,0.90775937,1,C4,41.0,57987.0,Medium
1430,0.9076375,1,C6,31.0,19433.0,Medium
541,0.90760183,1,C1,26.0,71812.0,Medium
1146,0.90739584,1,C26,34.0,27548.0,Medium
1491,0.9071752,1,C20,25.0,56936.0,Medium
1697,0.90696496,1,C14,26.0,57627.0,Medium
1816,0.9067344,1,C7,27.0,53920.0,Medium
182,0.90667677,1,C22,32.0,25832.0,Medium
1690,0.906656,1,C28,34.0,87794.0,Medium
2682,0.90654135,1,C6,42.0,102345.0,Medium
347,0.9064004,1,C15,36.0,57044.0,Medium
1343,0.90627956,1,C26,35.0,75417.0,Medium
887,0.90622973,1,C14,24.0,23745.0,Medium
256,0.90620136,1,C10,21.0,25172.0,Medium
1958,0.90618414,0,C25,27.0,32250.0,Medium
2062,0.905957,1,C10,26.0,92401.0,Medium
1987,0.9058874,1,C4,24.0,67394.0,Medium
1893,0.90576124,0,C26,38.0,132819.0,Medium
262,0.9057234,1,C2,28.0,24862.0,Medium
2644,0.9056576,1,C8,44.0,62354.0,Medium
2661,0.90553,1,C3,33.0,68037.0,Medium
144,0.9053865,1,C28,26.0,21933.0,Medium
2351,0.9053761,1,C5,31.0,31124.0,Medium
1493,0.90536904,1,C19,26.0,64476.0,Medium
2429,0.90515155,1,C21,27.0,12064.0,Medium
289,0.9051434,0,C3,29.0,51110.0,Medium
1021,0.905055,1,C29,37.0,25106.0,Medium
1450,0.9049137,1,C6,30.0,33246.0,Medium
2354,0.9047937,1,C18,31.0,92847.0,Medium
1927,0.904781,1,C20,42.0,32043.0,Medium
2518,0.90474653,1,C13,37.0,67049.0,Medium
2152,0.9045279,1,C22,28.0,27194.0,Medium
1972,0.9042772,0,C18,29.0,44137.0,Medium
2616,0.9041503,1,C16,27.0,53320.0,Medium
405,0.90395516,1,C14,34.0,25028.0,Medium
500,0.9037226,1,C12,39.0,103119.0,Medium
2218,0.90365183,1,C18,23.0,20984.0,Medium
2536,0.90363234,1,C13,39.0,38706.0,Medium
2697,0.90343803,1,C20,29.0,52912.0,Medium
684,0.9033772,1,C20,23.0,30083.0,Medium
736,0.90333915,1,C15,26.0,81944.0,Medium
1406,0.90316963,1,C28,32.0,80586.0,Medium
1117,0.9029092,1,C26,34.0,52990.0,Medium
268,0.90278745,1,C6,30.0,54352.0,Medium
1342,0.90262854,1,C20,32.0,31057.0,Medium
2607,0.90208614,1,C17,40.0,21636.0,Medium
1143,0.9020859,1,C29,32.0,30860.0,Medium
1789,0.90204567,1,C25,31.0,22875.0,Medium
1718,0.90189147,1,C26,34.0,95658.0,Medium
2057,0.9017191,1,C27,32.0,40198.0,Medium
1590,0.90169805,1,C17,31.0,38396.0,Medium
584,0.90166616,1,C1,28.0,51593.0,Medium
1577,0.9016181,1,C24,31.0,43963.0,Medium
349,0.90140885,1,C26,33.0,56317.0,Medium
336,0.9013954,1,C10,45.0,140769.0,Medium
1922,0.9013351,1,C20,27.0,25605.0,Medium
226,0.90133476,1,C18,36.0,55528.0,Medium
496,0.9012974,1,C15,23.0,20170.0,Medium
1055,0.90123063,1,C6,33.0,70772.0,Medium
951,0.9011436,1,C13,40.0,70478.0,Medium
2701,0.9009219,1,C14,25.0,64281.0,Medium
1512,0.9009038,1,C23,31.0,49957.0,Medium
830,0.9009036,1,C3,26.0,80746.0,Medium
841,0.9008913,1,C20,33.0,58199.0,Medium
2225,0.9007846,1,C1,35.0,28216.0,Medium
1365,0.9007832,1,C18,29.0,25483.0,Medium
2620,0.90004474,1,C20,35.0,38829.0,Medium
2516,0.90000826,1,C15,45.0,115152.0,Medium
1477,0.89986867,1,C8,29.0,110542.0,Medium
2012,0.8997339,0,C3,27.0,70916.0,Medium
1244,0.89918447,1,C10,35.0,15291.0,Medium
2336,0.89901006,1,C6,43.0,39054.0,Medium
1889,0.89886034,1,C10,30.0,39830.0,Medium
674,0.89851904,1,C14,33.0,38546.0,Medium
1202,0.8983218,1,C10,30.0,75735.0,Medium
520,0.8982581,1,C23,27.0,98996.0,Medium
627,0.89805466,1,C17,36.0,35219.0,Medium
343,0.8979783,1,C4,23.0,26563.0,Medium
1140,0.8979292,1,C29,25.0,46856.0,Medium
778,0.8979179,1,C9,30.0,38990.0,Medium
1796,0.89781946,1,C6,37.0,62204.0,Medium
1069,0.89727974,1,C6,36.0,55834.0,Medium
2614,0.89714557,1,C15,31.0,81792.0,Medium
1808,0.8970507,1,C6,51.0,65754.0,Medium
348,0.8970011,0,C13,28.0,71326.0,Medium
836,0.8968679,1,C29,41.0,63636.0,Medium
790,0.8966802,1,C12,30.0,40253.0,Medium
1528,0.89647126,1,C25,42.0,76707.0,Medium
321,0.8964408,1,C25,26.0,29869.0,Medium
1304,0.89634687,1,C21,26.0,32574.0,Medium
743,0.8962378,0,C10,36.0,73273.0,Medium
1004,0.896154,1,C14,31.0,58588.0,Medium
127,0.8960289,1,C28,33.0,84085.0,Medium
2156,0.8960015,1,C5,33.0,82046.0,Medium
2651,0.8958316,1,C11,33.0,62292.0,Medium
2204,0.8958291,1,C4,28.0,61879.0,Medium
1348,0.89575917,1,C25,36.0,58052.0,Medium
611,0.895713,1,C10,32.0,39216.0,Medium
164,0.8956464,1,C26,36.0,106171.0,Medium
1603,0.8956049,1,C20,28.0,66465.0,Medium
995,0.8955581,1,C17,31.0,69418.0,Medium
1975,0.8950408,1,C2,35.0,21043.0,Medium
905,0.8947873,1,C1,31.0,43831.0,Medium
2417,0.8943259,0,C28,25.0,73899.0,Medium
110,0.89383906,1,C16,32.0,32663.0,Medium
667,0.89358056,1,C8,31.0,78143.0,Medium
113,0.8935056,1,C10,42.0,47160.0,Medium
864,0.8933671,1,C27,36.0,91602.0,Medium
1289,0.8932961,1,C1,35.0,39644.0,Medium
2604,0.8932153,1,C2,39.0,110829.0,Medium
1574,0.8931633,1,C14,27.0,72839.0,Medium
1867,0.892129,1,C20,25.0,90560.0,Medium
213,0.89194036,0,C24,35.0,59947.0,Medium
479,0.8917673,1,C20,23.0,22947.0,Medium
1219,0.8917673,1,C20,22.0,30295.0,Medium
1417,0.89175385,1,C20,38.0,41446.0,Medium
1900,0.8916315,1,C13,29.0,24538.0,Medium
1795,0.8916281,1,C14,29.0,60764.0,Medium
1089,0.89145285,1,C11,37.0,60905.0,Medium
1930,0.89122754,1,C29,37.0,67317.0,Medium
373,0.89033747,1,C23,29.0,38569.0,Medium
859,0.8901685,1,C17,23.0,26151.0,Medium
922,0.89013714,1,C25,34.0,47484.0,Medium
2618,0.8899351,1,C20,27.0,57164.0,Medium
643,0.88991684,0,C26,34.0,63632.0,Medium
1150,0.88986933,1,C1,34.0,38572.0,Medium
1086,0.88974345,1,C25,34.0,94519.0,Medium
2582,0.88969606,1,C16,44.0,18799.0,Medium
2303,0.8896709,1,C1,35.0,103102.0,Medium
1133,0.88947785,1,C27,32.0,44062.0,Medium
818,0.8893965,1,C22,31.0,26850.0,Medium
2115,0.88923854,1,C9,30.0,69166.0,Medium
1064,0.8892253,1,C27,33.0,104966.0,Medium
1419,0.8890862,0,C23,34.0,17855.0,Medium
690,0.88901067,1,C14,45.0,49509.0,Medium
2388,0.8890023,1,C9,27.0,14820.0,Medium
2320,0.88894475,1,C28,29.0,23334.0,Medium
2471,0.88883895,1,C24,27.0,55344.0,Medium
130,0.88860387,1,C28,37.0,39990.0,Medium
1455,0.8885637,1,C17,30.0,55718.0,Medium
2362,0.8883707,1,C26,42.0,56666.0,Medium
770,0.8880716,0,C26,25.0,18544.0,Medium
2082,0.8880335,0,C24,28.0,65726.0,Medium
1854,0.8879654,1,C21,43.0,53355.0,Medium
1699,0.8878652,1,C21,30.0,14166.0,Medium
855,0.88748145,1,C17,35.0,83524.0,Medium
2163,0.8873384,1,C11,32.0,55700.0,Medium
2067,0.88715017,1,C25,27.0,21792.0,Medium
585,0.8870524,1,C4,41.0,14989.0,Medium
800,0.88688105,1,C6,35.0,49614.0,Medium
2649,0.88685906,1,C7,39.0,69098.0,Medium
443,0.8868015,1,C3,31.0,55108.0,Medium
353,0.8867554,1,C18,29.0,33134.0,Medium
747,0.88669646,1,C17,32.0,58943.0,Medium
1196,0.8866877,1,C23,25.0,46789.0,Medium
1186,0.88663816,1,C27,30.0,64699.0,Medium
2392,0.8862156,1,C29,31.0,43411.0,Medium
2155,0.88567317,1,C29,36.0,42772.0,Medium
2017,0.88550544,1,C4,44.0,53521.0,Medium
2655,0.8855017,1,C10,35.0,23955.0,Medium
1163,0.88503355,1,C8,24.0,22962.0,Medium
2410,0.88485664,1,C20,37.0,113256.0,Medium
1988,0.8843026,1,C24,39.0,72499.0,Medium
40,0.8842986,1,C15,34.668434595389385,59182.0,Medium
902,0.8841386,0,C28,28.0,55857.0,Medium
141,0.88393104,1,C22,35.0,65901.0,Medium
365,0.883701,1,C22,24.0,44740.0,Medium
102,0.8834391,1,C12,22.0,42270.0,Medium
623,0.88297606,1,C29,23.0,57931.0,Medium
2667,0.88271207,1,C1,40.0,103568.0,Medium
2095,0.88211715,1,C26,33.0,48829.0,Medium
919,0.88176364,1,C13,28.0,39854.0,Medium
2776,0.88155,1,C27,27.0,54397.0,Medium
71,0.88117516,1,C20,43.0,54103.0,Medium
958,0.88116074,1,C22,35.0,50799.0,Medium
1330,0.8810111,1,C3,45.0,116163.0,Medium
1431,0.88073266,1,C7,37.0,52963.0,Medium
1283,0.88066983,0,C7,27.0,50693.0,Medium
1502,0.8803781,1,C21,35.0,64780.0,Medium
1473,0.88000506,1,C26,41.0,94171.0,Medium
1217,0.879864,1,C5,38.0,48409.0,Medium
588,0.87949914,1,C13,28.0,17660.0,Medium
2010,0.8794114,1,C25,32.0,34692.0,Medium
804,0.879338,1,C23,29.0,46600.0,Medium
188,0.8792634,0,C12,33.0,36483.0,Medium
2694,0.8792055,1,C20,38.0,69776.0,Medium
2490,0.8791534,1,C25,25.0,29052.0,Medium
1851,0.8788639,1,C21,41.0,54180.0,Medium
386,0.8784163,1,C18,45.0,137082.0,Medium
1868,0.878396,1,C27,43.0,78444.0,Medium
2195,0.8781358,1,C3,32.0,27262.0,Medium
1233,0.8781084,1,C5,31.0,42565.0,Medium
843,0.8781071,1,C15,28.0,56035.0,Medium
317,0.87810487,1,C5,34.0,59936.0,Medium
363,0.8779931,1,C21,30.0,67650.0,Medium
2493,0.87791675,1,C19,50.0,40013.0,Medium
369,0.87788075,1,C20,32.0,28186.0,Medium
2005,0.87769294,1,C13,25.0,58320.0,Medium
2773,0.87765217,1,C19,36.0,35607.0,Medium
1277,0.87742484,1,C22,32.0,53471.0,Medium
944,0.8773361,1,C20,36.0,93093.0,Medium
245,0.87723345,1,C23,38.0,77903.0,Medium
1203,0.8767669,1,C22,27.0,51433.0,Medium
2525,0.8765847,1,C16,23.0,18224.0,Medium
2718,0.87606454,1,C20,35.0,61569.0,Medium
1329,0.8759705,1,C29,31.0,70088.0,Medium
1461,0.8757356,1,C10,44.0,39841.0,Medium
835,0.8756702,0,C26,28.0,66179.0,Medium
103,0.8755651,1,C28,26.0,68913.0,Medium
1215,0.8753724,1,C28,26.0,18088.0,Medium
1199,0.8753724,0,C28,24.0,19245.0,Medium
1490,0.87516445,1,C21,38.0,71142.0,Medium
1297,0.875138,1,C20,37.0,18106.0,Medium
1067,0.874963,1,C6,40.0,68596.0,Medium
1422,0.8747101,1,C12,30.0,58946.0,Medium
2609,0.87446004,1,C15,23.0,46604.0,Medium
724,0.87437457,1,C1,31.0,36430.0,Medium
286,0.87435216,1,C24,30.0,70781.0,Medium
1668,0.87406355,0,C15,32.0,52635.0,Medium
975,0.8737682,1,C7,38.0,33721.0,Medium
2201,0.8737354,1,C19,32.0,54631.0,Medium
231,0.87367463,1,C5,32.0,21354.0,Medium
1028,0.8736242,1,C15,26.0,63844.0,Medium
2288,0.87289333,1,C20,31.0,40760.0,Medium
779,0.8725147,1,C23,35.0,23182.0,Medium
2432,0.8722532,1,C1,52.0,56188.0,Medium
977,0.8721233,1,C16,30.0,28297.0,Medium
1258,0.87179595,1,C23,29.0,98630.0,Medium
839,0.87153447,1,C16,47.0,53383.0,Medium
764,0.8714515,1,C26,37.0,18285.0,Medium
1298,0.871403,1,C28,35.0,72219.0,Medium
723,0.87112594,0,C17,31.0,42243.0,Medium
1908,0.87065005,1,C8,27.0,29660.0,Medium
2093,0.870487,1,C19,31.0,58872.0,Medium
2733,0.8704189,1,C10,29.0,56659.0,Medium
2284,0.8700612,1,C12,30.0,49471.0,Medium
129,0.8697734,0,C6,38.0,60708.0,Medium
322,0.869239,1,C6,41.0,57245.0,Medium
1819,0.8687021,1,C16,23.0,30342.0,Medium
2414,0.86869824,1,C15,31.0,17648.0,Medium
1960,0.868668,1,C1,29.0,59169.0,Medium
1736,0.8686082,1,C27,32.0,49122.0,Medium
206,0.86822534,0,C10,26.0,12968.0,Medium
1228,0.8680906,1,C9,32.0,45575.0,Medium
74,0.86777884,1,C5,34.0,59216.0,Medium
397,0.8676814,1,C12,27.0,73194.0,Medium
197,0.86737925,1,C25,40.0,94594.0,Medium
1774,0.8670708,1,C23,35.0,83242.0,Medium
69,0.8666373,1,C7,31.0,64604.0,Medium
1527,0.8662071,0,C5,31.0,82042.0,Medium
2026,0.8661531,1,C26,31.0,36096.0,Medium
1151,0.8661363,1,C8,33.0,103994.0,Medium
195,0.8659747,1,C18,27.0,19419.0,Medium
1610,0.86566395,1,C7,38.0,116218.0,Medium
200,0.86564344,1,C8,46.0,66707.0,Medium
1378,0.8654839,1,C28,34.668434595389385,52711.0,Medium
131,0.86521685,1,C19,38.0,79086.0,Medium
725,0.8651177,1,C20,29.0,19456.0,Medium
1942,0.8650933,1,C27,36.0,61994.0,Medium
1848,0.8648182,1,C13,28.0,40671.0,Medium
1456,0.8645045,1,C9,32.0,54906.0,Medium
89,0.8640443,1,C2,27.0,58977.0,Medium
1339,0.86402893,0,C5,30.0,24291.0,Medium
470,0.8636564,1,C1,31.0,39660.0,Medium
735,0.86344606,1,C12,38.0,110490.0,Medium
863,0.8632045,1,C29,31.0,40295.0,Medium
2539,0.86197317,1,C15,29.0,37039.0,Medium
1872,0.8618367,1,C12,35.0,63739.0,Medium
497,0.8614839,1,C16,29.0,65035.0,Medium
1485,0.8612665,1,C21,25.0,46010.0,Medium
2634,0.86117506,1,C11,25.0,65507.0,Medium
1216,0.8609053,1,C1,30.0,37992.0,Medium
2439,0.8607997,0,C16,28.0,36373.0,Medium
1160,0.860691,1,C7,28.0,12779.0,Medium
1060,0.8602488,1,C29,32.0,80290.0,Medium
364,0.8601558,1,C13,27.0,35727.0,Medium
1970,0.860153,1,C20,23.0,40996.0,Medium
1007,0.8600581,1,C20,30.0,87810.0,Medium
2569,0.8600017,0,C10,26.0,56766.0,Medium
2323,0.85976475,1,C23,25.0,18770.0,Medium
1084,0.85965675,1,C1,29.0,49521.0,Medium
2630,0.859167,1,C26,37.0,56808.0,Medium
739,0.858716,1,C20,30.0,108768.0,Medium
1279,0.8586139,1,C3,24.0,34521.0,Medium
1523,0.8585392,1,C2,28.0,35116.0,Medium
153,0.85852873,1,C22,37.0,148588.0,Medium
1321,0.8585024,1,C20,34.0,76396.0,Medium
758,0.8584336,1,C15,33.0,54288.0,Medium
507,0.8581224,1,C6,39.0,29231.0,Medium
1743,0.8577476,1,C18,37.0,45163.0,Medium
372,0.8576476,1,C26,33.0,82259.0,Medium
2181,0.8575912,1,C24,35.0,47440.0,Medium
1948,0.8575301,1,C3,27.0,29520.0,Medium
1862,0.85740894,1,C25,44.0,55815.0,Medium
634,0.857253,1,C28,29.0,54358.0,Medium
465,0.85703725,1,C8,34.0,87438.0,Medium
388,0.8564904,0,C15,33.0,43611.0,Medium
165,0.85638165,1,C21,25.0,76307.0,Medium
1466,0.8561398,1,C2,41.0,45183.0,Medium
1631,0.85597265,1,C6,23.0,71984.0,Medium
2535,0.85572577,1,C23,32.0,47678.0,Medium
1394,0.85572135,1,C25,36.0,57908.0,Medium
2324,0.8554397,1,C19,34.0,41798.0,Medium
1400,0.8548286,1,C4,39.0,59112.0,Medium
687,0.8547373,1,C18,32.0,13037.0,Medium
2608,0.8546014,1,C16,32.0,79797.0,Medium
1245,0.8544999,1,C20,31.0,43975.0,Medium
2254,0.85420364,0,C4,23.0,54580.0,Medium
1158,0.8537026,1,C24,32.0,62905.0,Medium
2188,0.8533431,0,C11,41.0,94440.0,Medium
2333,0.8533324,1,C7,41.0,59902.0,Medium
1636,0.85329854,1,C12,31.0,61712.0,Medium
1058,0.85322815,1,C7,36.0,47696.0,Medium
1863,0.8529217,1,C27,29.0,78511.0,Medium
1082,0.8528617,1,C27,34.0,35079.0,Medium
1247,0.85183364,1,C29,31.0,19217.0,Medium
208,0.85151,1,C16,31.0,31657.0,Medium
147,0.85138434,1,C9,36.0,85172.0,Medium
2749,0.85136825,1,C28,27.0,66132.0,Medium
1131,0.8513406,1,C19,24.0,68309.0,Medium
527,0.85099196,1,C23,34.0,86823.0,Medium
871,0.8505245,1,C27,37.0,52753.0,Medium
1912,0.8502985,1,C1,24.0,74589.0,Medium
1366,0.8500894,1,C22,38.0,17496.0,Medium
1509,0.8500762,1,C27,33.0,79222.0,Medium
1674,0.8499725,1,C1,34.0,21627.0,Medium
1110,0.8497001,1,C18,26.0,41167.0,Medium
686,0.8496584,1,C1,28.0,62909.0,Medium
948,0.8495494,1,C12,35.0,24634.0,Medium
2373,0.84931886,1,C20,33.0,54214.0,Medium
612,0.84894854,0,C17,31.0,29685.0,Medium
767,0.84891933,1,C2,39.0,85693.0,Medium
1853,0.8484093,1,C29,26.0,140833.0,Medium
2545,0.84816843,1,C22,43.0,44884.0,Medium
1973,0.84738386,1,C14,36.0,52011.0,Medium
1333,0.84687537,1,C11,34.0,43026.0,Medium
242,0.8468277,1,C21,28.0,11236.0,Medium
1482,0.84587514,1,C27,38.0,50211.0,Medium
2745,0.84581894,1,C26,33.0,46734.0,Medium
1613,0.845377,1,C26,32.0,45531.0,Medium
295,0.84521616,1,C8,29.0,35983.0,Medium
2286,0.8449455,1,C29,34.0,30851.0,Medium
2294,0.8449034,1,C1,24.0,25551.0,Medium
120,0.844288,1,C14,26.0,114258.0,Medium
37,0.84386253,1,C14,33.0,57375.0,Medium
1340,0.8438451,1,C15,32.0,70038.0,Medium
729,0.8431365,1,C28,33.0,40531.0,Medium
533,0.8431218,1,C1,35.0,35731.0,Low
2441,0.8423392,1,C5,33.0,51617.0,Low
1155,0.84232324,1,C16,24.0,51796.0,Low
2700,0.8423158,1,C25,33.0,50306.0,Low
1193,0.84222287,1,C28,29.0,50022.0,Low
238,0.8420181,1,C20,32.0,40168.0,Low
1301,0.84174037,1,C7,32.0,74620.0,Low
1919,0.8415086,1,C21,33.0,41169.0,Low
2556,0.8414207,1,C7,25.0,64168.0,Low
187,0.84136724,1,C26,34.0,20922.0,Low
2335,0.84125423,1,C20,31.0,67490.0,Low
1192,0.8412221,1,C5,24.0,21234.0,Low
1437,0.84108716,0,C3,34.0,56060.0,Low
1719,0.84035504,1,C3,45.0,44497.0,Low
1994,0.8403415,1,C10,37.0,46345.0,Low
1436,0.8403044,1,C8,25.0,64128.0,Low
46,0.83954185,1,C25,36.0,42171.0,Low
563,0.8395019,1,C20,34.0,73359.0,Low
4,0.83911276,1,C13,43.0,65603.0,Low
1522,0.83891064,1,C6,30.0,64606.0,Low
759,0.83774835,1,C26,41.0,87182.0,Low
360,0.8372865,1,C20,39.0,58347.0,Low
1622,0.83707005,0,C20,35.0,21412.0,Low
207,0.8366282,1,C29,32.0,61894.0,Low
1754,0.8363258,1,C10,25.0,42975.0,Low
2613,0.83610076,1,C5,29.0,63004.0,Low
82,0.8359909,1,C24,37.0,89013.0,Low
220,0.83588624,1,C18,37.0,107539.0,Low
528,0.835621,1,C10,33.0,51086.0,Low
2123,0.83547354,1,C3,46.0,42604.0,Low
2465,0.8352974,1,C20,34.0,19183.0,Low
2265,0.8338888,1,C27,28.0,62243.0,Low
1303,0.8338721,1,C26,33.0,78813.0,Low
1183,0.83335936,1,C12,34.0,99876.0,Low
1016,0.8333467,1,C12,47.0,82704.0,Low
1315,0.8332558,1,C6,33.0,66225.0,Low
1897,0.8331295,1,C16,32.0,123750.0,Low
1360,0.8330543,1,C20,32.0,107592.0,Low
695,0.8328926,1,C17,26.0,57667.0,Low
961,0.8326807,1,C26,42.0,35996.0,Low
201,0.83253264,1,C5,38.0,42260.0,Low
2470,0.8325199,1,C27,30.0,55723.0,Low
988,0.8322461,0,C10,35.0,60797.0,Low
1349,0.8319723,1,C4,32.0,67126.0,Low
1800,0.8312091,1,C3,31.0,35542.0,Low
2300,0.83098084,1,C6,34.0,80980.0,Low
409,0.83086693,0,C1,29.0,33320.0,Low
2782,0.8306199,1,C19,26.0,29582.0,Low
1189,0.8306199,1,C19,26.0,15970.0,Low
980,0.8303075,1,C27,35.0,49277.0,Low
1947,0.83017665,1,C27,32.0,41973.0,Low
2739,0.82973325,1,C9,34.0,32108.0,Low
2063,0.8295149,1,C18,33.0,55473.0,Low
545,0.82931155,1,C26,29.0,62542.0,Low
389,0.82918096,1,C15,30.0,45923.0,Low
2219,0.829009,1,C25,32.0,110792.0,Low
2559,0.8285616,1,C25,46.0,96053.0,Low
777,0.82855415,1,C22,29.0,70816.0,Low
1836,0.82849437,0,C20,34.0,48546.0,Low
1991,0.82845706,1,C20,30.0,76425.0,Low
2054,0.82843757,1,C28,27.0,56814.0,Low
573,0.82843757,1,C28,26.0,54026.0,Low
2003,0.8280648,1,C27,26.0,54056.0,Low
610,0.8279916,1,C23,30.0,49664.0,Low
2712,0.8274801,1,C7,30.0,100722.0,Low
1300,0.82715565,1,C19,35.0,39823.0,Low
1507,0.8270509,1,C19,39.0,60780.0,Low
1001,0.82693255,1,C25,37.0,127070.0,Low
2192,0.82612467,1,C19,38.0,106428.0,Low
1826,0.82605624,1,C7,31.0,145483.0,Low
1208,0.825647,1,C10,30.0,36558.0,Low
608,0.825467,1,C26,23.0,83294.0,Low
603,0.8251534,1,C15,30.0,64842.0,Low
350,0.82503825,1,C10,33.0,55441.0,Low
2018,0.8249836,0,C21,24.0,29719.0,Low
2146,0.82441354,1,C6,27.0,59352.0,Low
1788,0.8243586,1,C4,32.0,49696.0,Low
574,0.8242238,1,C13,39.0,70144.0,Low
503,0.82371545,1,C21,44.0,42544.0,Low
466,0.82319605,1,C23,23.0,64179.0,Low
1571,0.82214767,1,C16,23.0,54632.0,Low
2430,0.822042,1,C27,27.0,58259.0,Low
548,0.8219907,0,C20,31.0,55239.0,Low
194,0.8216299,1,C8,30.0,54074.0,Low
1737,0.82151526,1,C10,29.0,31773.0,Low
2713,0.82117915,1,C9,32.0,23582.0,Low
1998,0.82025087,1,C15,35.0,32523.0,Low
1873,0.82006025,0,C8,33.0,53926.0,Low
132,0.8200207,1,C20,27.0,43165.0,Low
96,0.8199126,1,C12,34.0,64953.0,Low
799,0.8196795,1,C21,33.0,30951.0,Low
1763,0.81926787,1,C12,22.0,33042.0,Low
702,0.8187315,1,C20,37.0,113807.0,Low
551,0.8182058,1,C13,43.0,84481.0,Low
339,0.8176892,1,C17,31.0,55937.0,Low
85,0.81763566,0,C22,24.0,49509.0,Low
158,0.81763566,1,C22,26.0,45832.0,Low
1722,0.8175018,1,C27,40.0,76806.0,Low
773,0.8173277,1,C29,29.0,51600.0,Low
1264,0.8166903,1,C19,27.0,77369.0,Low
273,0.81650364,0,C16,29.0,40259.0,Low
808,0.8164419,1,C15,32.0,49914.0,Low
334,0.8164228,1,C9,29.0,58812.0,Low
2269,0.8163869,1,C8,32.0,46043.0,Low
593,0.8161502,1,C23,38.0,86336.0,Low
34,0.81602865,1,C14,28.0,65813.0,Low
1370,0.8157509,0,C22,35.0,66350.0,Low
185,0.81559664,1,C1,29.0,82120.0,Low
355,0.8154204,1,C22,34.0,135879.0,Low
1680,0.8153406,1,C9,31.0,65299.0,Low
1164,0.81509185,1,C7,32.0,32376.0,Low
2059,0.81507653,1,C20,37.0,67669.0,Low
2547,0.81480885,0,C19,37.0,77399.0,Low
1012,0.8144033,1,C8,39.0,50281.0,Low
2165,0.8143362,1,C23,37.0,45604.0,Low
2216,0.81416386,1,C16,30.0,52209.0,Low
416,0.81397665,1,C27,35.0,92559.0,Low
2047,0.81389666,1,C29,35.0,70252.0,Low
2267,0.81299615,1,C23,30.0,112722.0,Low
13,0.8123005,1,C19,29.0,119227.0,Low
1463,0.8110068,1,C2,41.0,38105.0,Low
2502,0.8103729,1,C20,30.0,91020.0,Low
2513,0.80954367,1,C10,27.0,125576.0,Low
852,0.80942595,1,C21,23.0,70731.0,Low
1653,0.8090233,1,C19,32.0,16486.0,Low
2605,0.80832136,1,C8,41.0,99300.0,Low
2343,0.80799395,0,C2,25.0,89894.0,Low
2252,0.8077317,1,C20,36.0,101423.0,Low
106,0.8075731,1,C22,33.0,57671.0,Low
2504,0.8073701,1,C20,32.0,70395.0,Low
2366,0.80723923,1,C9,31.0,55276.0,Low
2499,0.80700386,1,C17,27.0,75458.0,Low
1729,0.8069292,1,C11,38.0,96317.0,Low
454,0.8062806,1,C17,30.0,45357.0,Low
2044,0.80603504,1,C20,34.0,38619.0,Low
1659,0.8053157,1,C22,25.0,60688.0,Low
1586,0.80487263,0,C6,30.0,75643.0,Low
2711,0.80476445,1,C17,38.0,39404.0,Low
921,0.8046431,1,C11,34.0,55630.0,Low
2131,0.80436677,1,C21,29.0,45665.0,Low
655,0.80365276,1,C13,35.0,40926.0,Low
875,0.80352193,0,C4,36.0,93822.0,Low
1182,0.80318093,1,C24,38.0,75499.0,Low
512,0.8030213,1,C8,43.0,40777.0,Low
529,0.802642,1,C9,32.0,12934.0,Low
1347,0.8023298,1,C25,31.0,54901.0,Low
2250,0.8022963,1,C26,25.0,41661.0,Low
227,0.801654,1,C29,44.0,61912.0,Low
247,0.80092484,1,C4,39.0,27294.0,Low
2126,0.80052996,1,C28,34.0,44707.0,Low
1252,0.80050784,1,C6,23.0,47117.0,Low
2734,0.80020094,1,C10,38.0,49165.0,Low
874,0.79901826,1,C24,37.0,75133.0,Low
516,0.7988079,0,C29,25.0,41099.0,Low
858,0.798177,1,C21,37.0,75541.0,Low
1136,0.797615,1,C17,35.0,50118.0,Low
1547,0.79756635,1,C13,33.0,57863.0,Low
2486,0.7974174,1,C6,35.0,74360.0,Low
2491,0.79725957,1,C20,25.0,62242.0,Low
1362,0.7971754,1,C20,29.0,72843.0,Low
705,0.7970395,1,C20,40.0,130781.0,Low
1457,0.7966239,1,C12,35.0,48050.0,Low
2103,0.79627717,1,C10,37.0,64855.0,Low
2461,0.7958828,1,C2,30.0,42551.0,Low
1180,0.79568696,1,C16,33.0,66416.0,Low
83,0.7952842,1,C23,34.0,115159.0,Low
1728,0.79485536,1,C24,40.0,43047.0,Low
2419,0.794708,1,C18,25.0,27993.0,Low
1278,0.7946264,1,C5,31.0,78444.0,Low
1476,0.7943023,1,C14,33.0,39422.0,Low
2296,0.7938022,1,C11,24.0,14761.0,Low
1397,0.79235303,1,C11,36.0,106794.0,Low
1937,0.7915197,1,C28,26.0,78057.0,Low
1725,0.7911811,0,C2,25.0,47565.0,Low
1105,0.79107964,1,C6,42.0,59168.0,Low
1462,0.7902296,0,C18,26.0,58278.0,Low
2704,0.789538,1,C12,33.0,29442.0,Low
1320,0.78931445,1,C22,36.0,67498.0,Low
2435,0.7890731,1,C13,28.0,13222.0,Low
1359,0.78887975,1,C1,31.0,52007.0,Low
90,0.7886211,1,C22,32.0,29408.0,Low
2760,0.7882858,1,C20,31.0,51471.0,Low
2433,0.7880035,1,C29,30.0,37214.0,Low
2438,0.78798354,1,C18,31.0,24429.0,Low
530,0.78728396,1,C28,37.0,31137.0,Low
2242,0.78623873,1,C3,35.0,70733.0,Low
2330,0.7860391,1,C8,28.0,80818.0,Low
1963,0.7860259,1,C11,32.0,46860.0,Low
2311,0.7858439,0,C20,32.0,59587.0,Low
2554,0.78580165,1,C14,38.0,23166.0,Low
742,0.78563917,1,C13,33.0,84637.0,Low
856,0.78560406,1,C22,36.0,87661.0,Low
927,0.7854658,1,C29,28.0,61371.0,Low
645,0.78526205,1,C8,28.0,110445.0,Low
912,0.7850568,1,C8,38.0,65995.0,Low
2758,0.78461295,1,C26,32.0,69141.0,Low
2595,0.7843039,1,C18,35.0,111600.0,Low
1441,0.78278184,1,C10,28.0,78906.0,Low
2364,0.7815651,1,C11,38.0,131567.0,Low
328,0.7811268,1,C28,35.0,54816.0,Low
2612,0.7802526,1,C13,41.0,56478.0,Low
510,0.7801237,0,C29,27.0,68751.0,Low
91,0.77930516,1,C21,31.0,22731.0,Low
647,0.7792662,1,C10,33.0,57888.0,Low
787,0.7790522,1,C26,33.0,75467.0,Low
1895,0.7781214,1,C28,26.0,33721.0,Low
2447,0.77712065,1,C10,23.0,71138.0,Low
2698,0.77685,1,C21,26.0,58892.0,Low
121,0.77643645,1,C13,33.0,58885.0,Low
1098,0.776247,1,C10,40.0,41591.0,Low
467,0.7760998,1,C29,32.0,83926.0,Low
2537,0.77523637,0,C20,36.0,75344.0,Low
2640,0.77513313,0,C29,31.0,80788.0,Low
2175,0.77467924,1,C29,41.0,101223.0,Low
118,0.77422166,1,C27,42.0,67904.0,Low
151,0.7737589,1,C15,30.0,89602.0,Low
1141,0.77340126,1,C8,37.0,61133.0,Low
2395,0.7733347,0,C20,35.0,79652.0,Low
2274,0.77299,1,C24,34.0,21154.0,Low
2702,0.77292305,1,C20,34.0,55845.0,Low
2246,0.7725044,1,C2,28.0,43647.0,Low
2574,0.7716366,1,C8,22.0,42059.0,Low
2703,0.7704954,1,C16,38.0,27572.0,Low
2785,0.76978946,1,C9,34.0,12105.0,Low
942,0.76977575,1,C28,29.0,40688.0,Low
2467,0.76940984,1,C1,28.0,63182.0,Low
1621,0.76916844,1,C25,27.0,29043.0,Low
1280,0.76855075,1,C20,41.0,100150.0,Low
659,0.76831967,1,C13,32.0,54903.0,Low
600,0.7681564,1,C2,28.0,115293.0,Low
696,0.7680913,1,C10,26.0,79461.0,Low
2105,0.7679578,1,C21,32.0,33442.0,Low
2578,0.7668787,1,C3,25.0,37046.0,Low
2145,0.76654136,1,C4,32.0,44012.0,Low
1172,0.76652455,1,C9,28.0,76076.0,Low
1218,0.7660597,1,C12,27.0,37630.0,Low
2573,0.7655432,1,C26,38.0,52321.0,Low
607,0.76540685,1,C27,27.0,38764.0,Low
1756,0.76532996,1,C13,40.0,51016.0,Low
1855,0.76455283,1,C17,30.0,54971.0,Low
2022,0.7640472,1,C23,30.0,47050.0,Low
2746,0.76369673,1,C8,32.0,36284.0,Low
2544,0.7635527,1,C22,31.0,67667.0,Low
1530,0.76328707,1,C20,26.0,44841.0,Low
1197,0.7632406,1,C6,22.0,26083.0,Low
1715,0.76132417,1,C23,29.0,66935.0,Low
1354,0.7611725,1,C20,33.0,54212.0,Low
2090,0.7606027,0,C15,32.0,74873.0,Low
149,0.7597346,1,C20,34.0,61913.0,Low
1536,0.75893205,1,C15,27.0,39731.0,Low
2514,0.75817287,1,C16,31.0,33169.0,Low
1223,0.7580372,1,C14,28.0,54527.0,Low
464,0.75787944,1,C27,33.0,86072.0,Low
1308,0.75741875,1,C29,36.0,58027.0,Low
672,0.7568811,1,C18,30.0,77011.0,Low
813,0.75682676,1,C27,32.0,31787.0,Low
2295,0.75653386,1,C26,41.0,112934.0,Low
1019,0.7558084,0,C19,32.0,32652.0,Low
523,0.7554017,1,C9,39.0,31056.0,Low
894,0.7553521,1,C28,36.0,45342.0,Low
714,0.7541393,1,C13,34.0,81352.0,Low
671,0.7539834,1,C11,32.0,42368.0,Low
1345,0.75388116,0,C29,28.0,15186.0,Low
2685,0.7534232,0,C1,41.0,101984.0,Low
2073,0.7530086,1,C27,21.0,42380.0,Low
2379,0.7524503,1,C15,28.0,55546.0,Low
2692,0.7516424,1,C29,29.0,65156.0,Low
1288,0.7507062,1,C20,33.0,94237.0,Low
1689,0.7506316,1,C3,36.0,50809.0,Low
2304,0.75040776,1,C15,28.0,34461.0,Low
2094,0.750067,1,C15,28.0,26053.0,Low
1720,0.74962145,1,C29,34.668434595389385,73122.0,Low
2371,0.74877053,1,C29,41.0,35133.0,Low
2013,0.7484989,1,C20,36.0,59274.0,Low
430,0.7479757,1,C28,31.0,14489.0,Low
1063,0.7475588,1,C20,36.0,82503.0,Low
358,0.74747175,0,C26,39.0,117830.0,Low
1598,0.74698764,0,C20,34.0,95284.0,Low
1634,0.7468963,0,C21,22.0,40818.0,Low
663,0.74624735,1,C21,27.0,97203.0,Low
1269,0.7455696,1,C2,36.0,98306.0,Low
505,0.7451532,1,C26,24.0,55804.0,Low
2133,0.74409944,1,C22,28.0,74781.0,Low
1178,0.7438489,0,C16,41.0,71974.0,Low
1758,0.74354935,0,C27,40.0,67685.0,Low
155,0.7432459,1,C26,27.0,118363.0,Low
691,0.7428238,1,C7,30.0,59241.0,Low
1544,0.74272686,1,C13,37.0,90123.0,Low
1444,0.742283,1,C6,29.0,27216.0,Low
1717,0.7422689,1,C2,24.0,27693.0,Low
908,0.7418556,1,C4,45.0,33883.0,Low
2659,0.740782,1,C6,34.0,23641.0,Low
2653,0.7406852,1,C15,32.0,40216.0,Low
2378,0.7404461,0,C14,30.0,83916.0,Low
1309,0.7403375,1,C11,33.0,70921.0,Low
1078,0.73993754,0,C25,37.0,31540.0,Low
2135,0.7391481,0,C24,43.0,47426.0,Low
1688,0.7389277,1,C28,28.0,65448.0,Low
2363,0.7380051,1,C13,32.0,43282.0,Low
811,0.73735464,1,C26,29.0,66017.0,Low
382,0.73660755,0,C18,28.0,12938.0,Low
1481,0.73639536,1,C2,35.0,16688.0,Low
916,0.73638606,1,C15,25.0,30136.0,Low
241,0.7356853,1,C1,24.0,33901.0,Low
64,0.73495954,1,C27,33.0,66502.0,Low
1686,0.7347828,1,C15,34.0,30959.0,Low
781,0.7347615,1,C23,40.0,82503.0,Low
1009,0.7343166,1,C19,40.0,65464.0,Low
1555,0.7342036,1,C23,28.0,42317.0,Low
1589,0.7325068,1,C15,38.0,55037.0,Low
1102,0.7323531,1,C7,31.0,73245.0,Low
1096,0.7313283,1,C14,26.0,73363.0,Low
1352,0.7311463,1,C15,33.0,99415.0,Low
2370,0.73051286,1,C27,30.0,87710.0,Low
319,0.7304944,1,C27,30.0,51819.0,Low
20,0.73034763,1,C19,26.0,40342.0,Low
1818,0.7303134,1,C25,30.0,25579.0,Low
1842,0.7301497,1,C23,28.0,68837.0,Low
1901,0.7300114,1,C11,28.0,96265.0,Low
1813,0.72931176,1,C14,43.0,88204.0,Low
2229,0.7291516,1,C20,26.0,103305.0,Low
1409,0.72908056,1,C5,33.0,81561.0,Low
2339,0.728853,1,C10,34.0,39612.0,Low
1755,0.7284556,1,C2,29.0,37995.0,Low
2577,0.7283609,1,C13,28.0,50141.0,Low
2036,0.72817713,1,C21,28.0,72393.0,Low
2368,0.7281569,1,C25,27.0,46397.0,Low
1036,0.72813225,1,C17,39.0,32263.0,Low
403,0.7276111,0,C15,29.0,24049.0,Low
1779,0.7268779,1,C3,27.0,59205.0,Low
851,0.7251881,1,C13,34.0,39131.0,Low
1242,0.72514045,1,C24,43.0,67971.0,Low
703,0.72479165,1,C11,28.0,103494.0,Low
1839,0.72265553,0,C2,38.0,15861.0,Low
2101,0.72160435,1,C17,29.0,90421.0,Low
1383,0.72124916,1,C19,28.0,88777.0,Low
1990,0.72013164,1,C28,22.0,48097.0,Low
2442,0.7198303,1,C29,36.0,63424.0,Low
342,0.71982133,1,C18,44.0,83084.0,Low
792,0.7193947,1,C19,31.0,48639.0,Low
162,0.71923095,1,C2,35.0,100064.0,Low
139,0.71780044,1,C14,31.0,51850.0,Low
2501,0.7177921,1,C7,31.0,30212.0,Low
1570,0.7176176,1,C21,33.0,72503.0,Low
2393,0.71727407,1,C27,30.0,87010.0,Low
211,0.7166316,1,C6,34.0,81730.0,Low
1600,0.71648777,1,C14,36.0,83083.0,Low
892,0.7158259,1,C3,34.0,51725.0,Low
706,0.7157001,1,C27,35.0,70677.0,Low
978,0.7153365,1,C12,32.0,60185.0,Low
184,0.71431446,1,C21,33.0,62199.0,Low
2474,0.71375006,1,C10,34.0,44188.0,Low
1980,0.7133819,0,C29,35.0,42383.0,Low
1810,0.71240044,1,C13,36.0,90743.0,Low
499,0.7123544,0,C3,43.0,47668.0,Low
2186,0.71185285,1,C8,28.0,70246.0,Low
486,0.71178555,1,C10,38.0,31674.0,Low
1891,0.7115269,1,C27,33.0,79239.0,Low
2041,0.71085715,1,C22,34.0,46083.0,Low
2755,0.7107571,1,C11,36.0,78445.0,Low
920,0.7085341,0,C1,30.0,46117.0,Low
1843,0.70823324,1,C6,35.0,113857.0,Low
1434,0.7076782,0,C21,37.0,57744.0,Low
1392,0.7071885,1,C13,40.0,89118.0,Low
924,0.70705384,1,C24,24.0,60056.0,Low
2097,0.70680827,0,C25,35.0,70496.0,Low
1844,0.7064324,1,C1,41.0,17476.0,Low
30,0.7056807,1,C6,31.0,69457.0,Low
1220,0.7049213,1,C29,37.0,90851.0,Low
762,0.7048592,0,C27,33.0,35024.0,Low
651,0.7047778,1,C12,34.0,41298.0,Low
1911,0.7043095,1,C15,40.0,96143.0,Low
298,0.7040937,1,C20,38.0,70753.0,Low
970,0.70391154,1,C4,38.0,83350.0,Low
1023,0.70377165,1,C26,27.0,79926.0,Low
1492,0.70335084,1,C1,42.0,130279.0,Low
1062,0.7031233,1,C5,29.0,69071.0,Low
313,0.7013123,1,C15,31.0,96603.0,Low
2183,0.70126736,1,C10,40.0,29450.0,Low
1607,0.7000432,1,C15,26.0,77477.0,Low
2208,0.6998818,0,C6,23.0,117011.0,Low
1534,0.6994696,1,C26,29.0,96076.0,Low
1439,0.699205,1,C7,31.0,49664.0,Low
2579,0.69835997,1,C23,46.0,50326.0,Low
1453,0.69751567,1,C20,30.0,34593.0,Low
1560,0.6967657,1,C7,35.0,44999.0,Low
2666,0.6927731,1,C6,28.0,69153.0,Low
2084,0.69215465,1,C17,26.0,42405.0,Low
203,0.6915628,1,C4,33.0,84713.0,Low
1566,0.6915032,1,C6,31.0,59451.0,Low
2509,0.6913584,1,C28,38.0,118773.0,Low
2277,0.69118845,0,C25,29.0,83958.0,Low
1079,0.6906711,1,C20,40.0,84873.0,Low
392,0.6905834,1,C20,34.0,84850.0,Low
2706,0.6897026,1,C16,36.0,76463.0,Low
2326,0.6895937,1,C25,32.0,71384.0,Low
463,0.68769765,1,C24,39.0,47419.0,Low
1675,0.6870354,1,C14,40.0,53930.0,Low
1479,0.6869403,1,C5,36.0,50436.0,Low
2372,0.6868151,1,C24,35.0,67219.0,Low
1877,0.68660825,1,C26,39.0,117533.66666666667,Low
1041,0.6862325,1,C18,38.0,49443.0,Low
1115,0.6860704,0,C16,31.0,64444.0,Low
366,0.6850506,0,C15,29.0,44630.0,Low
14,0.6841828,0,C26,39.0,19734.0,Low
1949,0.683578,1,C3,30.0,88909.0,Low
2436,0.6835094,1,C4,33.0,100560.0,Low
2610,0.68344456,0,C4,35.0,75224.0,Low
984,0.6831571,1,C22,28.0,53058.0,Low
2671,0.68254954,1,C24,35.0,114637.0,Low
1421,0.68223155,1,C21,26.0,62396.0,Low
1716,0.68172634,1,C7,32.0,89503.0,Low
1646,0.6816485,1,C1,33.0,74903.0,Low
1831,0.6810208,0,C5,38.0,42960.0,Low
543,0.6807811,0,C12,29.0,34793.0,Low
1235,0.68056685,1,C3,33.0,50372.0,Low
2108,0.67979485,1,C16,32.0,59928.0,Low
1129,0.6793178,1,C6,32.0,73087.0,Low
2164,0.67716116,1,C15,22.0,35943.0,Low
107,0.6761543,1,C9,34.0,102142.0,Low
592,0.6755304,0,C20,40.0,67624.0,Low
889,0.67499655,0,C28,31.0,47988.0,Low
8,0.67441875,1,C2,34.0,70656.0,Low
2356,0.6740669,1,C28,40.0,59097.0,Low
24,0.6739956,1,C24,30.0,76308.0,Low
1251,0.67385316,1,C25,37.0,130277.0,Low
640,0.673253,1,C8,26.0,105931.0,Low
2455,0.6731372,1,C28,24.0,99691.0,Low
2260,0.6726947,0,C29,32.0,38919.0,Low
2402,0.6723607,1,C27,28.0,29150.0,Low
2482,0.67233783,1,C16,36.0,47251.0,Low
955,0.67213386,1,C10,33.0,99893.0,Low
1999,0.67133147,0,C19,27.0,30258.0,Low
734,0.67072517,0,C22,34.0,88414.0,Low
2122,0.6702912,1,C2,34.0,61065.0,Low
2278,0.66985476,1,C23,34.0,18291.0,Low
654,0.6697668,1,C4,22.0,36116.0,Low
1364,0.66815525,1,C12,42.0,87325.0,Low
1612,0.66644794,1,C27,33.0,69697.0,Low
1849,0.6664046,1,C6,31.0,53062.0,Low
2418,0.66638523,0,C12,34.0,77613.0,Low
519,0.6661914,1,C29,36.0,83253.0,Low
1766,0.6650154,0,C20,32.0,23221.0,Low
1567,0.6649407,1,C22,36.0,46726.0,Low
1529,0.6638521,0,C5,37.0,20523.0,Low
210,0.6630954,0,C29,37.0,64583.0,Low
936,0.6619146,0,C3,26.0,42607.0,Low
1336,0.66143936,1,C29,28.0,76525.0,Low
1388,0.6608299,1,C26,32.0,44566.0,Low
2598,0.66046727,1,C20,36.0,102822.0,Low
2425,0.659332,1,C21,30.0,28890.0,Low
2412,0.6586153,1,C14,35.0,77848.0,Low
1695,0.6584144,1,C2,34.0,94933.0,Low
2562,0.65797055,1,C22,31.0,128520.0,Low
1938,0.6570378,1,C15,36.0,83455.0,Low
1138,0.6568441,1,C24,31.0,81440.0,Low
2106,0.6566043,1,C2,32.0,21252.0,Low
1928,0.6558337,1,C13,28.0,69939.0,Low
2207,0.6554135,1,C2,34.0,20010.0,Low
1742,0.65446985,1,C27,32.0,95822.0,Low
1723,0.6541644,0,C1,29.0,29283.0,Low
2340,0.6533703,1,C28,33.0,56687.0,Low
769,0.6532446,0,C11,36.0,107149.0,Low
95,0.6532106,1,C14,28.0,60874.0,Low
1984,0.65315473,1,C7,35.0,56702.0,Low
515,0.6530007,1,C29,26.0,10747.0,Low
2468,0.6527176,1,C14,33.0,99858.0,Low
2113,0.6515131,1,C15,32.0,38992.0,Low
1805,0.6506999,0,C19,39.0,59636.0,Low
1515,0.64932513,0,C24,35.0,84573.0,Low
940,0.6491819,1,C22,23.0,69972.0,Low
59,0.6480353,1,C18,35.0,31644.0,Low
2413,0.64775795,1,C6,43.0,109652.0,Low
1465,0.6467241,1,C17,34.0,45180.0,Low
2231,0.64557993,1,C27,33.0,78441.0,Low
1597,0.64545906,1,C17,38.0,54600.0,Low
1363,0.6453409,1,C19,44.0,32736.0,Low
1373,0.64530337,1,C26,33.0,47651.0,Low
2553,0.645049,1,C26,33.0,54019.0,Low
442,0.6420702,1,C23,32.0,73933.0,Low
1898,0.6393121,1,C16,37.0,36230.0,Low
807,0.63894093,1,C25,32.0,81547.0,Low
433,0.638853,1,C13,36.0,78656.0,Low
2249,0.6374624,1,C2,38.0,86246.0,Low
1784,0.6361705,1,C23,30.0,58671.0,Low
1200,0.6353726,0,C20,38.0,107178.0,Low
2038,0.6348072,1,C7,23.0,17687.0,Low
2253,0.6346494,1,C11,39.0,57872.0,Low
1995,0.6345627,1,C5,34.0,54291.0,Low
50,0.63371044,1,C5,49.0,89367.0,Low
1469,0.63358134,1,C9,27.0,44091.0,Low
509,0.6332991,0,C8,25.0,92079.0,Low
2056,0.6322293,1,C23,29.0,100412.0,Low
2161,0.63152605,1,C19,38.0,32871.0,Low
1809,0.6313729,1,C22,37.0,75835.0,Low
2476,0.630365,1,C19,33.0,89269.0,Low
1187,0.6290162,1,C8,30.0,109986.0,Low
1902,0.628537,1,C9,35.0,39246.0,Low
417,0.62787694,0,C23,28.0,42027.0,Low
577,0.6274122,1,C14,29.0,108091.0,Low
1024,0.6252688,1,C19,27.0,24582.0,Low
2348,0.625239,0,C25,24.0,45009.0,Low
243,0.62437415,0,C4,26.0,60228.0,Low
2484,0.6239136,1,C2,35.0,58626.0,Low
1134,0.6238245,1,C19,33.0,112066.0,Low
1665,0.6234816,1,C12,34.0,52175.0,Low
2503,0.62224185,1,C13,35.0,71761.0,Low
2500,0.6203125,0,C8,32.0,66536.0,Low
1890,0.61971915,1,C14,32.0,79599.0,Low
923,0.6180553,1,C29,31.0,70339.0,Low
1786,0.6174346,1,C9,24.0,63577.0,Low
1978,0.6167784,1,C17,41.0,12553.0,Low
36,0.6165704,1,C18,40.0,32865.0,Low
564,0.61562705,1,C1,38.0,31340.0,Low
2538,0.6125878,0,C27,37.0,96562.0,Low
1318,0.6120289,1,C8,29.0,111414.0,Low
331,0.61146796,0,C25,35.0,71154.0,Low
456,0.61085457,1,C26,34.0,45193.0,Low
2394,0.610648,1,C24,42.0,76562.0,Low
2459,0.609728,1,C9,32.0,85831.0,Low
941,0.60862297,1,C14,35.0,100893.0,Low
2775,0.60784364,0,C9,27.0,85112.0,Low
436,0.6069346,1,C24,28.0,128590.0,Low
1814,0.6064263,1,C4,25.0,125011.0,Low
2065,0.6061769,1,C11,36.0,44146.0,Low
1935,0.605837,1,C8,31.0,60214.0,Low
1802,0.6057997,0,C18,25.0,26520.0,Low
963,0.60579675,0,C16,40.0,48483.0,Low
981,0.60450464,0,C14,39.0,72118.0,Low
233,0.6042283,0,C27,36.0,139139.0,Low
108,0.60395944,1,C22,37.0,121259.0,Low
982,0.60391843,0,C12,31.0,60672.0,Low
2515,0.60281426,0,C5,40.0,37667.0,Low
2256,0.60226315,1,C11,30.0,59644.0,Low
755,0.60221446,0,C8,36.0,25894.0,Low
1054,0.6006069,0,C2,36.0,92940.0,Low
1807,0.5999924,0,C2,29.0,16581.0,Low
1480,0.5977649,1,C25,29.0,39635.0,Low
1231,0.59736925,0,C7,44.0,82540.0,Low
344,0.59723336,1,C2,28.0,55938.0,Low
1011,0.5948529,1,C12,30.0,76776.0,Low
2754,0.59337443,0,C6,28.0,62462.0,Low
660,0.5931358,1,C7,24.0,15327.0,Low
1781,0.5927466,1,C25,38.0,91064.0,Low
1956,0.59184873,0,C14,36.0,77645.0,Low
222,0.591043,1,C2,26.0,92753.0,Low
2213,0.5908217,1,C24,58.0,29202.0,Low
827,0.5903129,1,C28,32.0,67113.0,Low
1500,0.5897395,1,C18,31.0,86551.0,Low
738,0.5890055,1,C8,26.0,41980.0,Low
2169,0.5889035,0,C7,28.0,133579.0,Low
1801,0.58826447,0,C16,26.0,57714.0,Low
1677,0.5880362,1,C10,33.0,123255.0,Low
2143,0.58708507,1,C29,26.0,42844.0,Low
1092,0.58582807,1,C16,29.0,36118.0,Low
949,0.5855321,1,C24,25.0,31392.0,Low
284,0.5853209,1,C20,34.0,42189.0,Low
1630,0.5852291,1,C28,35.0,98568.0,Low
806,0.58475536,0,C8,39.0,78647.0,Low
576,0.5847295,1,C22,30.0,68356.0,Low
829,0.5846187,1,C15,37.0,55313.0,Low
1775,0.5843873,0,C18,37.0,85332.0,Low
938,0.58417684,1,C4,34.0,70330.0,Low
2338,0.5840674,1,C27,30.0,27774.0,Low
119,0.58335894,1,C29,31.0,71000.0,Low
1951,0.5831733,1,C29,30.0,44512.0,Low
1752,0.58219254,0,C15,34.0,80094.0,Low
1040,0.5820861,1,C11,32.0,62748.0,Low
1385,0.58118796,1,C23,31.0,74265.0,Low
2045,0.58036745,1,C9,25.0,84806.0,Low
1692,0.5794425,1,C3,34.0,82666.0,Low
2273,0.577005,1,C25,34.668434595389385,66742.0,Low
2624,0.5766023,1,C12,32.0,87954.0,Low
947,0.576588,1,C6,29.0,74402.0,Low
1785,0.57645184,1,C27,31.0,67067.0,Low
2736,0.57607204,1,C23,27.0,68957.0,Low
1152,0.5757605,1,C23,33.0,17607.0,Low
2007,0.57446826,1,C16,27.0,85803.0,Low
918,0.5741904,1,C4,25.0,20379.0,Low
602,0.574178,1,C9,28.0,49553.0,Low
756,0.57393694,1,C4,29.0,57476.0,Low
754,0.5733238,0,C29,29.0,44820.0,Low
1726,0.5726299,1,C8,29.0,39121.0,Low
449,0.57069343,0,C11,25.0,32466.0,Low
2020,0.5706783,1,C3,33.0,58131.0,Low
546,0.56875426,0,C14,35.0,20993.0,Low
1572,0.56851125,1,C8,30.0,21245.0,Low
494,0.56847763,0,C16,36.0,110964.0,Low
404,0.5682825,1,C1,35.0,41553.0,Low
771,0.56811434,1,C5,36.0,45071.0,Low
1338,0.56697714,1,C28,33.0,33154.0,Low
737,0.56669647,0,C19,40.0,24752.0,Low
1671,0.56494415,1,C9,29.0,62689.0,Low
784,0.56450796,1,C17,41.0,100303.0,Low
2599,0.5642753,1,C7,26.0,33058.0,Low
1585,0.5640739,1,C7,47.0,117644.0,Low
192,0.5634054,0,C9,37.0,66952.0,Low
1533,0.56203026,1,C22,32.0,74305.0,Low
962,0.5617985,1,C9,37.0,45278.0,Low
642,0.5613746,0,C11,35.0,86516.0,Low
2415,0.5610988,1,C10,39.0,112317.0,Low
1735,0.5605371,1,C21,30.0,91787.0,Low
1442,0.5604847,1,C13,27.0,54126.0,Low
768,0.5597844,1,C26,23.0,87853.0,Low
633,0.55956316,1,C3,36.0,48059.0,Low
114,0.5566659,0,C19,32.0,89456.0,Low
51,0.5558079,1,C14,33.0,131347.0,Low
1820,0.55539364,1,C20,37.0,57083.0,Low
635,0.5535608,1,C28,31.0,130429.0,Low
181,0.5529345,0,C17,30.0,26926.0,Low
621,0.55193585,1,C4,29.0,101494.0,Low
1599,0.5505728,0,C9,29.0,108812.0,Low
79,0.55051726,1,C14,32.0,114648.0,Low
1281,0.5491236,1,C10,29.0,65870.0,Low
881,0.5489918,1,C16,32.0,61069.0,Low
1992,0.5486512,1,C26,35.0,28498.0,Low
1678,0.54821825,0,C16,32.0,41305.0,Low
5,0.5478538,1,C9,29.0,46368.0,Low
1010,0.547552,1,C27,33.0,120188.0,Low
1514,0.54703146,0,C20,32.0,54667.0,Low
1357,0.54677916,1,C29,38.0,105400.0,Low
170,0.54119766,1,C7,35.0,91458.0,Low
1470,0.54089147,1,C28,29.0,47565.0,Low
1635,0.5394741,1,C20,29.0,13417.0,Low
471,0.5388289,1,C12,38.0,59318.0,Low
292,0.5351118,1,C29,33.0,81858.0,Low
2424,0.5342026,0,C6,32.0,68525.0,Low
1002,0.5320374,1,C3,29.0,58277.0,Low
761,0.5304299,1,C10,23.0,69449.0,Low
535,0.5300155,1,C27,38.0,77182.0,Low
196,0.5294368,1,C14,43.0,75001.0,Low
2014,0.5282607,0,C8,30.0,60967.0,Low
1518,0.5265815,0,C15,36.0,113064.0,Low
831,0.526325,1,C2,31.0,42588.0,Low
1667,0.52609473,1,C29,42.0,58534.0,Low
2457,0.526082,1,C24,42.0,58577.0,Low
1474,0.5258348,1,C27,27.0,25207.0,Low
2202,0.52574056,0,C17,30.0,33986.0,Low
1896,0.5254212,1,C15,41.0,71593.0,Low
1847,0.52448076,1,C24,33.0,26160.0,Low
93,0.5239352,1,C17,30.0,39527.0,Low
992,0.51998836,0,C7,45.0,52083.0,Low
346,0.51991934,1,C2,30.0,92158.0,Low
2173,0.51945096,1,C25,43.0,64370.0,Low
2019,0.51931286,1,C16,39.0,64781.0,Low
522,0.5185957,1,C26,36.0,109652.0,Low
1449,0.51802135,0,C10,25.0,36529.0,Low
2656,0.5177705,1,C6,34.0,77739.0,Low
708,0.5172729,1,C19,38.0,97116.0,Low
1834,0.51686364,1,C17,39.0,39994.0,Low
1764,0.51135296,0,C7,38.0,76804.0,Low
2270,0.50922215,1,C9,34.0,78164.0,Low
1468,0.5081806,0,C20,30.0,66779.0,Low
740,0.5081446,0,C3,37.0,46131.0,Low
2469,0.5061303,0,C24,31.0,45365.0,Low
2037,0.5040583,1,C4,31.0,50370.0,Low
1594,0.5023295,0,C20,33.0,76101.0,Low
2141,0.50009274,1,C16,28.0,49533.0,Low
1582,0.50005925,1,C3,39.0,52711.0,Low
763,0.5000138,0,C5,32.0,22913.0,Low
1328,0.49890396,0,C4,26.0,39790.0,Low
1472,0.4985475,1,C22,40.0,107368.0,Low
307,0.497443,1,C26,37.0,81190.13636363637,Low
1581,0.49455136,1,C15,29.0,25873.0,Low
2473,0.4921374,0,C6,38.0,30967.0,Low
1626,0.48997292,0,C1,40.0,113174.0,Low
2321,0.48978344,1,C2,33.0,49659.0,Low
890,0.48781142,1,C5,32.0,43463.0,Low
221,0.4864169,1,C3,31.0,13051.0,Low
2650,0.48605353,1,C22,48.0,38788.0,Low
1351,0.48416132,0,C8,27.0,74837.0,Low
2226,0.48238724,1,C16,31.0,38152.0,Low
1751,0.48238668,1,C5,30.0,60847.0,Low
1993,0.47874525,1,C21,31.0,74953.0,Low
2221,0.4781501,1,C19,32.0,62460.0,Low
2,0.47159222,0,C7,31.0,67016.0,Low
2428,0.47077373,0,C17,36.0,39195.0,Low
498,0.4705812,0,C20,31.0,65571.0,Low
1670,0.47057804,0,C1,33.0,24875.0,Low
44,0.4703802,1,C17,28.0,62100.0,Low
536,0.46939847,1,C26,27.0,35112.0,Low
1046,0.4684305,1,C2,33.0,76198.0,Low
2408,0.46664634,1,C4,41.0,132505.0,Low
1884,0.46461213,0,C24,30.0,44443.0,Low
1066,0.46363667,0,C29,28.0,26253.0,Low
57,0.46313456,1,C1,36.0,84318.0,Low
2053,0.46103165,1,C24,30.0,46979.0,Low
2747,0.4598621,1,C14,38.0,50048.0,Low
2498,0.4593394,0,C22,30.0,15052.0,Low
845,0.45829716,1,C28,46.0,22019.0,Low
1272,0.4579116,1,C20,32.0,38456.0,Low
2646,0.4575132,0,C3,30.0,104157.0,Low
1015,0.45685634,0,C9,32.0,87047.0,Low
2611,0.4563462,0,C29,39.0,44154.0,Low
65,0.45593992,1,C7,28.0,69539.0,Low
487,0.4535061,1,C12,39.0,35091.0,Low
1618,0.45074016,0,C1,29.0,56985.0,Low
2627,0.44831336,0,C7,34.0,104058.0,Low
2403,0.44781393,1,C25,35.0,63888.0,Low
80,0.4474529,0,C7,29.0,56687.0,Low
326,0.44630682,1,C28,24.0,69454.0,Low
2315,0.44596222,1,C4,34.0,103060.0,Low
1038,0.4458782,1,C4,31.0,21543.0,Low
2232,0.44445056,1,C11,25.0,73207.0,Low
2167,0.44078785,1,C1,38.0,70714.0,Low
1682,0.43893224,1,C24,23.0,48711.0,Low
1858,0.43594494,0,C28,25.0,48860.0,Low
2427,0.43416357,1,C15,33.0,40281.0,Low
2307,0.43080664,0,C29,25.0,76455.0,Low
315,0.42929026,1,C9,29.0,50281.0,Low
2390,0.42910096,0,C28,44.0,47528.75,Low
16,0.42905936,1,C23,30.0,52963.0,Low
2570,0.4276223,1,C9,23.0,26766.0,Low
1516,0.4275453,1,C12,34.0,75453.0,Low
1122,0.42638403,1,C18,30.0,80591.0,Low
2261,0.42336917,0,C24,25.0,22132.0,Low
2575,0.4231645,1,C15,25.0,37888.0,Low
2480,0.4222711,0,C24,28.0,18538.0,Low
1027,0.41830274,1,C19,25.0,27607.0,Low
1255,0.41799468,1,C2,41.0,84791.0,Low
1593,0.41733772,1,C28,27.0,49886.0,Low
458,0.4164712,0,C19,31.0,16749.0,Low
2289,0.41636497,0,C2,45.0,51339.0,Low
461,0.41506326,1,C8,31.0,53577.0,Low
2282,0.41416922,1,C5,31.0,67740.0,Low
1624,0.41250637,1,C13,30.0,72989.0,Low
2551,0.41221508,0,C23,39.0,58799.0,Low
572,0.4120305,1,C2,29.0,31890.0,Low
270,0.41183388,1,C11,36.0,76336.0,Low
1026,0.41120532,0,C4,27.0,48868.0,Low
2764,0.410707,0,C25,30.0,42199.0,Low
1379,0.410348,0,C1,29.0,68975.0,Low
1856,0.40934032,1,C1,49.0,59431.0,Low
2024,0.40884092,1,C20,33.0,21746.0,Low
648,0.40685278,0,C3,27.0,18928.0,Low
1401,0.40596008,0,C4,32.0,58073.0,Low
2647,0.40486434,1,C12,36.0,55601.0,Low
2191,0.4029791,0,C26,29.0,30960.0,Low
440,0.40241122,0,C16,38.0,113125.0,Low
727,0.40211254,1,C22,38.0,44720.0,Low
1591,0.40146047,1,C19,28.0,43897.0,Low
2532,0.4008495,1,C20,38.0,90090.0,Low
2002,0.40066242,1,C6,34.0,98821.0,Low
1712,0.40026125,0,C18,27.0,104754.0,Low
733,0.400126,0,C6,23.0,13937.0,Low
75,0.39961392,1,C18,25.0,39884.0,Low
1153,0.39897415,0,C9,34.0,108284.0,Low
1637,0.3976549,0,C1,34.0,68209.0,Low
429,0.39663458,1,C8,37.0,120771.0,Low
2540,0.39652574,1,C19,34.0,14776.0,Low
1149,0.39440945,0,C28,35.0,82078.0,Low
2763,0.39292017,0,C5,37.0,76756.0,Low
1322,0.39206496,0,C2,28.0,48963.0,Low
1792,0.39166108,1,C26,39.0,61613.0,Low
109,0.38950056,0,C6,35.0,33927.0,Low
1371,0.389052,1,C26,25.0,28447.0,Low
2411,0.3882962,0,C25,34.0,63321.0,Low
2664,0.38829577,0,C22,37.0,21909.0,Low
1070,0.38798046,0,C8,33.0,101638.0,Low
1823,0.38776016,1,C25,43.0,46309.0,Low
745,0.387587,1,C11,30.0,62042.0,Low
1628,0.387011,1,C27,37.0,35189.0,Low
1020,0.38589415,1,C24,38.0,22245.0,Low
2109,0.38577607,0,C7,30.0,72478.0,Low
928,0.38457626,1,C2,32.0,67236.0,Low
1126,0.3835564,1,C25,38.0,43747.0,Low
294,0.38305828,0,C21,36.0,13793.0,Low
1487,0.38218787,1,C26,29.0,23299.0,Low
1757,0.38193876,1,C3,34.0,31500.0,Low
2074,0.37891012,1,C18,25.0,47487.0,Low
237,0.37847266,0,C10,32.0,75626.0,Low
489,0.3763845,1,C12,31.0,49475.0,Low
2680,0.37619573,1,C9,28.0,61670.0,Low
152,0.37473932,1,C17,31.0,31547.0,Low
2778,0.37438393,0,C13,35.0,50180.0,Low
1541,0.3731633,1,C4,40.0,48956.0,Low
1770,0.37267515,0,C4,36.0,85057.95833333333,Low
1077,0.37030467,0,C3,24.0,42768.0,Low
1111,0.36966428,0,C28,38.0,153109.0,Low
283,0.36871743,0,C29,27.0,57420.0,Low
1793,0.36869308,0,C24,27.0,48734.0,Low
1227,0.3679668,0,C12,33.0,71748.0,Low
1448,0.3673219,0,C8,36.0,57087.0,Low
1532,0.36686704,0,C2,36.0,48555.0,Low
2779,0.36496493,1,C26,28.0,95133.0,Low
265,0.3633099,0,C3,34.0,40381.0,Low
2239,0.362806,0,C27,46.0,94485.0,Low
1934,0.36220932,1,C7,26.0,52518.0,Low
62,0.36198816,0,C9,27.0,62376.0,Low
1035,0.3619132,1,C7,36.0,51680.0,Low
2290,0.3596873,0,C9,32.0,57541.0,Low
229,0.35951433,1,C28,43.0,104995.0,Low
2420,0.35825017,0,C5,29.0,169549.0,Low
1229,0.35777777,1,C17,34.0,115006.0,Low
2770,0.35723224,0,C26,32.0,49295.0,Low
752,0.3536526,0,C23,43.0,56243.0,Low
979,0.34947762,1,C23,28.0,41620.0,Low
1201,0.349123,0,C22,42.0,43305.0,Low
335,0.34699267,0,C11,41.0,94685.0,Low
904,0.3466981,0,C26,39.0,101179.0,Low
482,0.3460384,1,C10,43.0,56611.0,Low
1644,0.34563202,0,C9,46.0,105513.0,Low
306,0.34376317,0,C4,31.0,53025.0,Low
2729,0.34359983,0,C10,33.0,107274.0,Low
885,0.34298068,0,C21,38.0,44241.0,Low
257,0.3411192,1,C29,30.0,31655.0,Low
84,0.3403715,1,C16,41.0,25950.0,Low
1576,0.33965138,1,C26,28.0,71740.0,Low
1693,0.33669788,1,C21,33.0,48656.0,Low
1325,0.335307,0,C25,34.0,69401.0,Low
785,0.33458936,0,C26,31.0,54209.0,Low
1540,0.33397192,1,C5,31.0,44949.0,Low
538,0.33329338,0,C23,25.0,29698.0,Low
1145,0.33194488,0,C20,31.0,60118.0,Low
332,0.33121765,1,C24,29.0,51152.0,Low
1374,0.33105904,0,C5,32.0,88121.0,Low
2118,0.32874995,1,C10,26.0,47752.0,Low
1977,0.32663703,0,C8,35.0,26145.0,Low
999,0.32532752,0,C20,23.0,36811.0,Low
776,0.32423252,1,C8,37.0,63587.0,Low
1188,0.32412505,0,C8,31.0,101005.0,Low
2771,0.3227888,0,C12,39.0,91456.0,Low
748,0.31871542,0,C20,31.0,50210.0,Low
1209,0.31844288,0,C21,35.0,62599.0,Low
1464,0.31820554,1,C25,47.0,69141.0,Low
1029,0.3170816,0,C17,24.0,20363.0,Low
534,0.31463307,0,C10,28.0,87872.0,Low
218,0.31415114,0,C21,24.0,27979.0,Low
258,0.31246966,0,C13,29.0,25459.0,Low
1914,0.31242624,0,C3,32.0,48010.0,Low
66,0.3109171,0,C4,27.0,104286.0,Low
375,0.31082523,0,C27,35.0,109992.0,Low
2635,0.30982447,0,C20,35.0,66890.0,Low
1704,0.30879626,1,C18,29.0,114651.0,Low
1486,0.3080212,0,C15,43.0,81172.0,Low
444,0.3078632,0,C15,31.0,36856.0,Low
1501,0.3069683,0,C5,38.0,73316.0,Low
2497,0.305005,0,C4,38.0,52092.0,Low
439,0.30498374,1,C3,27.0,60246.0,Low
1638,0.30357096,1,C2,31.0,122837.0,Low
472,0.3035495,0,C23,38.0,83429.0,Low
751,0.30341363,0,C22,27.0,105510.0,Low
1211,0.30239582,1,C1,27.0,48097.0,Low
1495,0.3022917,0,C22,29.0,97212.0,Low
2230,0.30087978,0,C16,34.0,65628.0,Low
1412,0.3000446,0,C12,34.0,77528.0,Low
1107,0.29804856,0,C20,39.0,65633.0,Low
549,0.29740617,1,C2,24.0,20886.0,Low
594,0.29670948,0,C19,30.0,41093.0,Low
2140,0.29639775,0,C19,32.0,50778.0,Low
698,0.295863,0,C1,32.0,76536.0,Low
2100,0.29380348,1,C9,41.0,65632.0,Low
658,0.29271156,0,C6,29.0,105966.0,Low
267,0.29250968,1,C5,35.0,89200.0,Low
2346,0.29222965,1,C6,36.0,71338.0,Low
1950,0.29166946,1,C3,26.0,28506.0,Low
1454,0.29066923,0,C3,33.0,135337.0,Low
1099,0.2894804,0,C3,32.0,61413.0,Low
1575,0.28898734,1,C15,34.0,111621.0,Low
2550,0.28847358,0,C14,35.0,78009.0,Low
1850,0.28825465,1,C20,34.0,80779.0,Low
1393,0.28748906,0,C3,30.0,54154.0,Low
1640,0.28724468,1,C28,27.0,88169.0,Low
2530,0.28714994,1,C29,27.0,137450.0,Low
2571,0.2869623,0,C27,34.0,71878.0,Low
2132,0.2869324,0,C21,31.0,70778.0,Low
501,0.28669646,0,C16,32.0,96956.0,Low
2766,0.2847264,1,C21,35.0,53793.0,Low
2153,0.28096068,0,C11,30.0,80499.0,Low
1658,0.2804655,0,C22,29.0,34234.0,Low
2705,0.2797682,0,C24,36.0,59816.0,Low
2695,0.27952334,1,C15,35.0,77535.0,Low
650,0.2793387,0,C16,33.0,42953.0,Low
2488,0.27720508,1,C14,27.0,65958.0,Low
1324,0.27716675,0,C22,38.0,57190.0,Low
54,0.2770248,0,C29,33.0,121816.94444444444,Low
341,0.276185,0,C11,39.0,49592.0,Low
595,0.27523014,0,C26,30.0,55828.0,Low
72,0.27478096,0,C14,28.0,42242.0,Low
1411,0.27363256,1,C8,39.0,126416.0,Low
560,0.27328467,0,C19,40.0,152234.0,Low
122,0.27269956,0,C26,27.0,57406.0,Low
39,0.27265158,0,C26,32.0,72888.0,Low
1883,0.27252698,1,C12,34.0,53123.0,Low
414,0.27228057,1,C25,32.0,97153.0,Low
2110,0.2711329,0,C19,36.0,131847.0,Low
2691,0.27099437,1,C16,31.0,21445.0,Low
263,0.26846772,0,C6,24.0,19170.0,Low
2399,0.26759407,0,C23,27.0,67326.0,Low
1294,0.2672664,0,C20,23.0,89580.0,Low
1605,0.26677725,0,C16,42.0,50832.0,Low
2268,0.26614162,0,C24,43.0,91207.0,Low
1387,0.2642902,1,C15,35.0,51930.0,Low
1249,0.26397988,0,C5,22.0,33737.583333333336,Low
234,0.26302272,0,C23,26.0,52616.0,Low
1871,0.26285663,0,C5,28.0,42573.0,Low
2752,0.2622487,0,C20,28.0,66945.0,Low
1550,0.2619793,0,C2,30.0,25552.0,Low
971,0.2587385,1,C29,26.0,61982.0,Low
2214,0.2586775,1,C20,33.0,90020.0,Low
276,0.25860086,0,C23,29.0,107495.0,Low
2391,0.25752473,1,C26,28.0,40366.0,Low
1652,0.25710058,0,C3,33.0,127193.0,Low
2055,0.25589305,0,C10,31.0,42260.0,Low
2168,0.2548311,1,C25,38.0,50801.0,Low
2593,0.2544982,1,C3,34.0,76805.0,Low
668,0.25441656,1,C3,29.0,45969.0,Low
400,0.2534513,0,C19,34.0,65729.0,Low
460,0.2530511,1,C15,29.0,37575.0,Low
2521,0.25147414,0,C24,26.0,30558.0,Low
1382,0.25045088,0,C16,32.0,68259.0,Low
31,0.2504482,0,C28,32.0,65189.0,Low
2313,0.24991915,1,C18,32.0,21780.0,Low
1405,0.2487235,0,C12,31.0,119870.0,Low
814,0.24827954,0,C16,29.0,56133.0,Low
873,0.24737021,1,C28,32.0,134302.0,Low
2639,0.24607535,0,C12,29.0,92763.0,Low
1399,0.24578372,0,C16,36.0,48576.0,Low
2449,0.24550048,0,C22,37.0,18024.0,Low
793,0.24529743,0,C7,26.0,92670.0,Low
2194,0.24503304,1,C20,35.0,90033.0,Low
2134,0.2449252,0,C29,38.0,116006.0,Low
362,0.24466866,0,C20,37.0,51609.0,Low
2148,0.24411273,0,C17,30.0,69678.0,Low
639,0.24315646,0,C12,26.0,66599.0,Low
1415,0.24181715,1,C20,29.0,20641.0,Low
2716,0.23850445,1,C29,31.0,38744.0,Low
1032,0.23661248,0,C7,30.0,17000.0,Low
422,0.23466358,0,C27,25.0,78754.0,Low
578,0.23142852,1,C29,35.0,46169.0,Low
2171,0.22908923,1,C17,35.0,55777.0,Low
1307,0.22908923,1,C17,35.0,55638.0,Low
264,0.22670698,1,C11,25.0,49439.0,Low
104,0.22533312,0,C23,30.0,60332.0,Low
493,0.22481424,0,C9,27.0,52307.0,Low
2645,0.22438663,0,C26,32.0,69599.0,Low
445,0.22415847,1,C8,32.0,33956.0,Low
828,0.22244444,0,C21,33.0,63298.0,Low
412,0.22192374,0,C16,29.0,56243.0,Low
2096,0.22156349,0,C14,34.0,71129.0,Low
2092,0.22153504,1,C2,33.0,66035.0,Low
1205,0.22147523,1,C14,27.0,95465.0,Low
205,0.22083472,0,C12,39.0,15826.0,Low
47,0.22068064,0,C21,30.0,28000.0,Low
1139,0.22062539,0,C25,33.0,49939.0,Low
1791,0.21937537,0,C29,41.0,54377.0,Low
1905,0.21909244,1,C5,28.0,68418.0,Low
281,0.21882136,0,C20,42.0,78607.0,Low
521,0.21795146,0,C27,35.0,27882.0,Low
2196,0.21755569,0,C25,35.0,116383.0,Low
1941,0.21708076,1,C7,27.0,58533.0,Low
357,0.2160136,0,C2,34.0,127616.0,Low
926,0.21476118,0,C4,47.0,21646.0,Low
272,0.21362804,0,C5,35.0,64901.0,Low
1982,0.21285033,0,C1,33.0,81936.0,Low
2566,0.2120209,0,C18,24.0,64399.0,Low
1,0.21134226,1,C23,28.0,57387.0,Low
35,0.21070442,1,C5,32.0,68070.0,Low
1416,0.20998694,0,C17,32.0,55374.0,Low
1161,0.20967369,0,C12,28.0,62778.0,Low
2567,0.20918064,0,C9,47.0,126779.25,Low
98,0.20885667,1,C16,24.0,59000.0,Low
1207,0.20864524,1,C24,28.0,56498.0,Low
2730,0.20717974,0,C16,31.0,69924.0,Low
11,0.2061261,0,C19,28.0,42172.0,Low
1267,0.20589381,0,C19,29.0,35658.0,Low
2021,0.20415197,1,C25,24.0,33239.0,Low
2686,0.2040318,0,C27,26.0,80394.0,Low
2448,0.2036995,1,C18,32.0,90734.0,Low
2722,0.2027173,0,C18,34.0,77778.0,Low
1381,0.20262294,0,C9,41.0,82617.0,Low
1595,0.19909692,1,C22,28.0,27572.0,Low
1924,0.1986599,0,C10,30.0,73534.0,Low
345,0.19863297,0,C27,35.0,35284.0,Low
2241,0.19815125,0,C5,35.0,50766.0,Low
60,0.19798103,0,C20,46.0,83992.5,Low
2753,0.19613789,0,C11,38.0,144726.0,Low
1909,0.19599116,1,C21,31.0,36661.0,Low
2788,0.19482891,0,C27,29.0,70254.0,Low
2030,0.19475277,0,C21,32.0,42779.0,Low
288,0.19387786,0,C17,41.0,62901.0,Low
462,0.19273737,0,C16,35.0,46139.0,Low
168,0.19252829,0,C15,25.0,33057.0,Low
1882,0.19212215,1,C17,33.0,52471.0,Low
97,0.19177978,0,C2,40.0,80771.0,Low
2453,0.19116245,0,C12,38.0,92031.0,Low
1989,0.19109765,0,C7,36.0,76388.0,Low
1929,0.19082071,0,C9,30.0,66923.0,Low
2276,0.19044624,0,C29,32.0,54915.0,Low
1563,0.19021054,0,C27,41.0,35176.0,Low
1683,0.1894465,1,C9,39.0,100798.0,Low
2492,0.18940443,1,C28,35.0,59644.0,Low
824,0.1892198,0,C9,40.0,32446.0,Low
1222,0.18866165,0,C20,32.0,87845.0,Low
2475,0.18818139,1,C12,35.0,99515.0,Low
1869,0.18766357,0,C21,32.0,127737.0,Low
544,0.18664876,1,C14,42.0,50345.0,Low
1232,0.183648,1,C27,29.0,133978.0,Low
1159,0.18164791,0,C10,34.0,50547.0,Low
1740,0.18114707,0,C22,27.0,53857.0,Low
619,0.18093485,0,C14,29.0,32150.0,Low
1194,0.17796132,0,C15,24.0,61727.0,Low
893,0.17795579,0,C10,49.0,73308.0,Low
2668,0.17726381,0,C16,33.0,112112.0,Low
1804,0.17662753,0,C15,30.0,86813.0,Low
2654,0.17650218,0,C19,30.0,65092.0,Low
2596,0.17564872,1,C20,32.0,69003.0,Low
1968,0.17495885,0,C15,38.0,55836.0,Low
2199,0.17494448,0,C5,26.0,93170.0,Low
606,0.1740697,1,C10,33.0,114230.0,Low
1181,0.17366044,0,C22,32.0,122554.0,Low
525,0.1725374,1,C22,33.0,106727.0,Low
646,0.1722357,0,C11,33.0,71776.0,Low
1708,0.17046697,0,C19,25.0,57063.0,Low
2715,0.17009804,0,C28,29.0,56807.0,Low
2347,0.1700225,0,C15,36.0,54695.0,Low
2675,0.16890778,1,C7,29.0,68500.0,Low
952,0.16874418,0,C18,37.0,27483.0,Low
1505,0.16765328,0,C22,26.0,69831.0,Low
134,0.1671091,0,C27,32.0,76904.0,Low
1452,0.16708581,1,C24,30.0,61218.0,Low
1981,0.16629127,0,C27,39.0,60415.0,Low
115,0.1651773,0,C1,44.0,31752.0,Low
310,0.16509561,0,C3,27.0,58439.0,Low
575,0.16463012,0,C25,27.0,39391.0,Low
2088,0.16416648,0,C9,32.0,45264.0,Low
2617,0.16354406,0,C25,37.0,104128.0,Low
1268,0.1621198,0,C26,38.0,66569.0,Low
2245,0.16191797,1,C19,33.0,81348.0,Low
1521,0.16110122,0,C20,31.0,31401.0,Low
1664,0.16099887,1,C27,51.0,91839.0,Low
2071,0.16098885,1,C3,34.0,80535.0,Low
2365,0.1609825,0,C13,41.0,99669.0,Low
2360,0.16033876,0,C15,24.0,93751.0,Low
1676,0.15935512,0,C27,35.0,70831.0,Low
2355,0.15904956,1,C3,32.0,63315.0,Low
931,0.15897632,1,C12,28.0,59393.0,Low
540,0.15867406,0,C14,29.0,96233.0,Low
2397,0.15605155,1,C8,38.0,47818.0,Low
1116,0.15496762,0,C17,34.0,89585.0,Low
202,0.15457524,0,C28,33.0,28921.0,Low
715,0.15309344,0,C4,41.0,34780.0,Low
1632,0.15262777,0,C3,36.0,81876.0,Low
1650,0.15226367,0,C23,31.0,34600.0,Low
1358,0.15210894,0,C22,32.0,44463.0,Low
1776,0.15154009,0,C11,36.0,73566.0,Low
531,0.15151621,0,C8,35.0,68045.0,Low
834,0.1504192,0,C20,36.0,83969.0,Low
2576,0.14810942,0,C25,28.0,80907.0,Low
840,0.14803734,0,C8,39.0,88813.0,Low
701,0.14742005,1,C3,42.0,85450.0,Low
1179,0.14684027,0,C18,50.0,78200.0,Low
1050,0.14633174,0,C28,30.0,32062.791666666668,Low
678,0.1461974,0,C14,35.0,31411.0,Low
583,0.14556822,0,C11,31.0,59926.0,Low
801,0.1453411,0,C29,38.0,62810.0,Low
297,0.14511609,0,C8,38.0,109473.0,Low
2568,0.14483333,0,C28,30.0,83298.0,Low
2178,0.14392617,0,C11,33.0,69971.0,Low
561,0.1438408,0,C6,28.0,43855.0,Low
865,0.14361827,0,C10,30.0,122941.0,Low
52,0.14334424,0,C19,36.0,48687.0,Low
434,0.14308551,0,C6,28.0,82480.5,Low
2160,0.14291677,0,C8,36.0,66650.0,Low
2423,0.14269677,0,C18,35.0,54059.0,Low
2522,0.14260669,0,C13,34.0,90057.0,Low
2660,0.14209722,0,C13,27.0,48747.0,Low
559,0.14177085,0,C27,40.0,44342.0,Low
1830,0.14111559,0,C6,33.0,30044.0,Low
323,0.14044382,0,C29,29.0,64558.0,Low
1118,0.1403046,0,C7,29.0,49410.0,Low
1745,0.1401201,0,C18,29.0,149637.0,Low
1230,0.14004122,0,C8,35.0,92594.0,Low
711,0.13938087,0,C18,29.0,31182.0,Low
324,0.13872975,0,C26,30.0,69160.0,Low
2440,0.1384416,0,C9,35.0,51769.0,Low
766,0.13799134,0,C8,30.0,28308.0,Low
1971,0.13760784,0,C16,25.0,45593.0,Low
2345,0.13754185,0,C27,25.0,131168.0,Low
571,0.13742189,0,C3,32.0,95826.0,Low
2259,0.13700737,0,C4,40.0,89192.0,Low
1273,0.13661309,0,C11,32.0,72186.0,Low
117,0.13645285,0,C1,45.0,144978.0,Low
2217,0.13636853,0,C4,36.0,72778.0,Low
2039,0.13597967,0,C5,36.0,74434.0,Low
694,0.13583575,1,C16,31.0,82632.0,Low
1137,0.13574116,1,C21,33.0,102175.0,Low
1815,0.13514021,0,C3,32.0,44108.0,Low
682,0.13468777,0,C14,28.0,40008.0,Low
376,0.13417922,0,C5,37.0,88715.0,Low
2049,0.13318042,1,C23,39.0,100888.0,Low
1162,0.13292778,0,C21,36.0,114416.0,Low
459,0.13279143,0,C12,29.0,67194.0,Low
2483,0.13040575,0,C4,36.0,65277.0,Low
2426,0.12974003,0,C25,33.0,82309.0,Low
1679,0.12958474,0,C12,34.0,55285.0,Low
2587,0.12946145,0,C7,35.0,53902.0,Low
1290,0.12935387,0,C24,35.0,27467.0,Low
1234,0.12866999,0,C28,36.0,21755.0,Low
191,0.12866029,0,C11,26.0,63380.0,Low
2299,0.1277991,0,C5,40.0,129924.0,Low
2058,0.12671672,0,C8,34.0,57449.0,Low
137,0.12564361,0,C28,41.0,33459.0,Low
1195,0.12553865,0,C27,33.0,55949.0,Low
1925,0.12523384,0,C4,27.0,63402.0,Low
420,0.12519883,0,C18,39.0,80489.0,Low
148,0.12517622,0,C15,41.0,45288.0,Low
2684,0.12513453,0,C21,35.0,25186.0,Low
816,0.1249192,0,C8,41.0,55115.0,Low
1198,0.12457374,0,C4,32.0,70899.0,Low
457,0.124350026,0,C5,22.0,54992.0,Low
1741,0.12434827,0,C12,39.0,95139.0,Low
1489,0.12426413,0,C8,29.0,39403.0,Low
329,0.12320372,0,C11,42.0,133752.0,Low
1724,0.122825295,0,C1,39.0,56536.0,Low
1274,0.12259208,0,C15,52.0,136744.75,Low
2308,0.122400165,0,C21,45.0,49280.0,Low
599,0.12226467,0,C3,27.0,71458.0,Low
2281,0.12197164,1,C13,31.0,51261.0,Low
2233,0.12182035,0,C8,37.0,79251.0,Low
508,0.1218103,0,C21,33.0,48682.0,Low
849,0.12082451,1,C20,33.0,77903.0,Low
2322,0.11855813,0,C12,31.0,38223.0,Low
378,0.11849926,0,C9,33.0,35057.0,Low
274,0.11796858,0,C7,39.0,53224.0,Low
1782,0.1174949,0,C18,39.0,101227.0,Low
1014,0.11732626,0,C2,26.0,60396.0,Low
1210,0.11637533,0,C25,37.0,59653.0,Low
2298,0.1160909,0,C15,27.0,77301.0,Low
1962,0.11601327,0,C15,28.0,59078.0,Low
427,0.115989305,0,C10,33.0,88180.0,Low
145,0.115970224,1,C13,35.0,75112.0,Low
2555,0.11574169,1,C13,37.0,116077.0,Low
2224,0.11573186,0,C27,47.0,61291.0,Low
2672,0.115696065,0,C18,36.0,56621.0,Low
63,0.1155957,0,C6,26.0,93931.0,Low
1433,0.115513615,0,C16,25.0,57678.0,Low
913,0.115262166,0,C26,30.0,72974.0,Low
2076,0.11523865,0,C15,39.0,90200.0,Low
1341,0.11497738,0,C21,35.0,53117.0,Low
570,0.11492818,0,C19,33.0,37929.0,Low
1811,0.11439828,0,C9,35.0,66631.0,Low
1812,0.11410899,0,C23,35.0,51267.0,Low
622,0.11384584,0,C22,42.0,53454.0,Low
1707,0.113696106,0,C6,34.0,21129.0,Low
825,0.11352216,0,C6,36.0,64187.0,Low
398,0.11290936,0,C5,30.0,63280.0,Low
2089,0.11285961,0,C29,32.0,38201.0,Low
842,0.11242839,1,C18,36.0,121419.0,Low
1372,0.1124,0,C21,30.0,37695.0,Low
1157,0.11138397,0,C3,31.0,57356.0,Low
2382,0.11089263,0,C10,40.0,77785.0,Low
1880,0.11043864,0,C14,33.0,66854.0,Low
453,0.11039965,0,C12,36.0,123361.0,Low
1955,0.110050045,0,C3,29.0,79676.0,Low
511,0.11000273,0,C21,34.0,58130.0,Low
2511,0.10936414,0,C6,23.0,43876.0,Low
681,0.109085195,0,C23,29.0,51840.0,Low
26,0.10903812,0,C14,41.0,126132.33333333333,Low
802,0.10881877,0,C20,29.0,63080.0,Low
6,0.10877209,0,C11,31.0,78728.0,Low
959,0.108272254,0,C17,33.0,85685.0,Low
2189,0.10818139,0,C9,42.0,145116.0,Low
2060,0.108075306,0,C14,30.0,62011.0,Low
524,0.10761017,0,C17,32.0,82822.0,Low
309,0.10711058,0,C5,30.0,77597.0,Low
597,0.10702504,0,C23,28.0,85926.0,Low
617,0.10681195,0,C18,21.0,21673.0,Low
1894,0.106305726,0,C7,33.0,51264.0,Low
1190,0.10608554,0,C1,28.0,61991.0,Low
1438,0.10589443,0,C10,37.0,63819.0,Low
1710,0.10570605,0,C7,43.0,121239.0,Low
2240,0.10514504,1,C5,33.0,85965.0,Low
1073,0.10464486,0,C20,26.0,67149.0,Low
1568,0.10457078,0,C20,34.0,70455.0,Low
1475,0.10454654,0,C21,27.0,104567.0,Low
712,0.10429076,0,C5,34.0,83615.0,Low
2398,0.10368996,0,C10,37.0,94809.0,Low
1169,0.10310928,0,C21,32.0,95188.0,Low
1428,0.10284581,0,C2,26.0,90585.0,Low
2279,0.10284447,0,C19,27.0,83632.0,Low
2670,0.1028203,0,C24,31.0,38326.0,Low
1214,0.10262654,0,C20,37.0,55698.0,Low
483,0.10261144,0,C16,42.0,132558.0,Low
532,0.102218755,0,C26,35.0,61243.0,Low
1013,0.10118759,0,C14,28.0,30930.0,Low
547,0.100763984,0,C19,27.0,34536.0,Low
2633,0.10056094,0,C18,31.0,126357.0,Low
2728,0.10052138,0,C19,26.0,28318.0,Low
867,0.1001778,0,C1,30.0,35803.0,Low
2552,0.09990764,0,C24,33.0,45414.0,Low
1817,0.09978704,0,C8,39.0,58565.0,Low
1316,0.099564075,0,C28,33.0,70607.0,Low
2078,0.099443346,0,C12,35.0,83028.0,Low
1284,0.0991532,0,C2,27.0,53931.0,Low
2781,0.09911471,0,C23,25.0,46952.0,Low
1265,0.098353505,0,C7,33.0,60358.0,Low
2205,0.09790279,0,C8,31.0,31210.0,Low
2708,0.09740287,0,C3,25.0,37784.0,Low
990,0.09733965,0,C17,41.0,119806.0,Low
2314,0.097250484,0,C12,28.0,87351.0,Low
1623,0.09690101,0,C5,35.0,94437.0,Low
2386,0.09681111,0,C21,26.0,48747.0,Low
1714,0.09586579,0,C26,26.0,39559.0,Low
765,0.09570637,0,C8,45.0,123216.0,Low
1447,0.09555598,0,C29,44.0,56478.0,Low
67,0.094898805,0,C28,39.0,65982.0,Low
1090,0.09433073,0,C13,37.0,96750.0,Low
991,0.094042696,0,C23,30.0,61823.0,Low
2517,0.093998626,0,C26,31.0,83236.0,Low
320,0.09396475,0,C20,27.0,58391.25,Low
1097,0.09372542,0,C5,34.0,69794.0,Low
1579,0.093411446,0,C10,23.0,32779.0,Low
2318,0.093113035,0,C26,33.0,46851.0,Low
1177,0.0930731,0,C27,25.0,23094.0,Low
1093,0.092553206,0,C1,35.0,77831.0,Low
644,0.09253451,0,C6,29.0,34741.0,Low
710,0.09250773,0,C18,32.0,110299.0,Low
1706,0.09225263,0,C16,30.0,104897.0,Low
2565,0.09217936,0,C15,28.0,83215.0,Low
1619,0.0919275,0,C16,33.0,44706.0,Low
550,0.09140048,0,C27,35.0,55670.0,Low
2334,0.091266505,0,C8,29.0,35595.0,Low
1828,0.09123882,0,C16,34.0,46866.0,Low
2464,0.09096769,0,C15,29.0,52371.0,Low
832,0.09064694,0,C16,40.0,58747.0,Low
591,0.090546556,0,C7,36.0,100882.0,Low
2139,0.0902318,0,C4,26.0,95969.0,Low
704,0.090123154,0,C8,27.0,62931.0,Low
565,0.089921325,0,C28,36.0,56543.0,Low
2052,0.089236,0,C18,36.0,73177.0,Low
351,0.0891897,0,C9,30.0,50609.0,Low
1144,0.08918244,0,C4,33.0,69412.0,Low
1446,0.08910311,0,C8,37.0,119932.0,Low
1592,0.08864174,0,C29,25.0,58051.0,Low
587,0.088475205,0,C20,33.0,96680.0,Low
1043,0.08830067,0,C12,32.0,93121.0,Low
1238,0.08811026,0,C12,27.0,106983.0,Low
2027,0.08798294,0,C8,34.0,130245.0,Low
1037,0.087428324,0,C10,35.0,135414.0,Low
1213,0.08732935,0,C7,47.0,54491.0,Low
415,0.08684722,0,C13,36.0,61575.0,Low
2533,0.085926645,0,C5,31.0,45993.0,Low
431,0.08550451,0,C18,38.0,50457.0,Low
1666,0.084082834,0,C21,34.0,42844.0,Low
1125,0.08355075,0,C18,34.0,71977.0,Low
638,0.083367646,0,C16,36.0,139347.5,Low
2594,0.08329287,0,C21,32.0,131568.0,Low
2032,0.08321524,0,C7,29.0,85677.0,Low
956,0.083051905,0,C22,28.0,29492.0,Low
810,0.08232703,0,C17,25.0,45531.0,Low
2727,0.08216335,0,C4,30.0,36085.0,Low
407,0.08207133,0,C13,40.0,58207.0,Low
2541,0.08200899,0,C27,30.0,68356.0,Low
1286,0.08197304,0,C15,34.0,81271.0,Low
697,0.08188338,0,C25,41.0,118215.0,Low
620,0.08180091,0,C8,29.0,79801.0,Low
1056,0.08148674,0,C5,32.0,92713.0,Low
960,0.08124311,0,C3,39.0,107936.0,Low
385,0.08118782,0,C28,34.0,77156.0,Low
225,0.08045991,0,C14,32.0,44792.0,Low
308,0.08038113,0,C5,30.0,188418.0,Low
1526,0.0799125,0,C1,32.0,60087.0,Low
1114,0.07959291,0,C9,34.0,85781.0,Low
446,0.079362266,0,C22,30.0,50832.0,Low
2761,0.0793542,0,C20,28.0,131805.0,Low
1104,0.0793328,1,C7,32.0,73594.0,Low
1837,0.078977376,0,C15,30.0,80368.0,Low
1225,0.07896806,0,C11,28.0,42262.0,Low
568,0.07824894,0,C16,31.0,56442.5,Low
78,0.07785123,0,C21,35.0,105946.0,Low
2193,0.077308774,0,C29,35.0,84266.0,Low
371,0.07683423,0,C20,46.0,49113.0,Low
2631,0.07651775,0,C1,30.0,67162.0,Low
713,0.07641965,0,C12,27.0,69388.0,Low
135,0.07624961,0,C22,28.0,98877.0,Low
441,0.07607363,0,C6,31.0,81288.0,Low
2179,0.07571336,0,C22,30.0,59105.0,Low
664,0.07560265,0,C19,33.0,40041.0,Low
2344,0.07529731,0,C16,33.0,113197.0,Low
1625,0.075157724,0,C29,40.0,56380.0,Low
582,0.07343216,0,C10,32.0,48363.142857142855,Low
1657,0.073144436,0,C10,38.0,100892.0,Low
1965,0.07224132,0,C19,36.0,40118.0,Low
45,0.071848504,0,C8,35.0,77544.0,Low
1841,0.07103836,0,C24,31.0,123565.0,Low
580,0.070895515,0,C18,40.0,51426.0,Low
1224,0.07075352,0,C28,33.0,78442.0,Low
140,0.07022179,0,C9,36.0,72253.0,Low
2678,0.06889277,0,C1,37.0,51668.0,Low
359,0.06816733,0,C4,36.0,107473.0,Low
2070,0.06708087,0,C6,30.0,77599.5,Low
2008,0.06635567,0,C27,33.0,28141.5,Low
2137,0.06598314,0,C26,33.0,61050.0,Low
1426,0.06527443,0,C1,35.0,98220.0,Low
2597,0.06508649,0,C3,33.0,85254.0,Low
945,0.06416455,0,C3,38.0,83025.0,Low
1733,0.063983835,0,C8,41.0,41276.0,Low
2407,0.06395968,0,C8,35.0,67762.29166666667,Low
943,0.063268945,0,C22,51.0,24923.0,Low
2272,0.06323195,0,C5,44.0,90482.39130434782,Low
693,0.06309594,0,C14,45.0,123729.0,Low
377,0.06290056,0,C5,33.0,121332.0,Low
2487,0.062679246,0,C29,35.0,142543.0,Low
1957,0.06255785,0,C21,36.0,25678.0,Low
1510,0.060518865,0,C16,26.0,92375.0,Low
2446,0.060385063,0,C29,29.0,59110.0,Low
906,0.06014405,0,C18,34.0,108997.0,Low
1087,0.06007616,0,C3,35.0,89854.0,Low
41,0.0600184,0,C29,33.0,92372.0,Low
1119,0.05975857,0,C21,28.0,41581.0,Low
1106,0.0593983,0,C21,35.0,49193.0,Low
537,0.059383404,0,C29,34.0,78641.69230769231,Low
2454,0.059369043,0,C9,39.0,37664.0,Low
2494,0.059356675,0,C27,45.0,48747.0,Low
605,0.059118994,0,C10,35.0,95352.0,Low
2210,0.059088115,0,C26,37.0,112513.0,Low
2381,0.058437195,0,C19,46.0,77114.0,Low
624,0.056942623,0,C15,33.0,104712.0,Low
296,0.056832083,0,C20,30.0,65094.0,Low
1504,0.05682176,0,C8,48.0,31555.0,Low
87,0.056750387,0,C6,36.0,119341.0,Low
782,0.056354307,0,C29,36.0,42314.0,Low
581,0.056015942,0,C25,40.0,52641.0,Low
1191,0.055750955,0,C7,35.0,118722.0,Low
2043,0.055717804,0,C10,36.0,94212.0,Low
1432,0.055221535,0,C26,32.0,29365.0,Low
2228,0.054479472,0,C27,53.0,79243.0,Low
2114,0.053933073,0,C19,39.0,105686.0,Low
721,0.0536229,0,C19,34.0,101880.0,Low
56,0.053601965,0,C19,34.0,80223.0,Low
2505,0.053532004,0,C12,40.0,47809.0,Low
1633,0.053355597,0,C29,30.0,52126.0,Low
1573,0.053210445,0,C8,29.0,62349.0,Low
1271,0.0529889,0,C12,37.0,108122.0,Low
1165,0.052266654,0,C16,37.0,90921.5,Low
819,0.052025277,0,C15,39.0,114358.0,Low
2543,0.051772684,0,C20,27.0,55594.75,Low
1753,0.051736027,0,C13,39.0,47598.0,Low
1655,0.051067494,0,C11,32.0,43252.0,Low
271,0.05086072,0,C29,38.0,134529.0,Low
1484,0.05062075,0,C2,44.0,101198.0,Low
1031,0.050588425,0,C7,43.0,62990.625,Low
552,0.050502714,0,C13,36.0,65170.0,Low
1936,0.050168023,0,C22,24.0,25818.0,Low
2028,0.049966253,0,C27,40.0,46269.0,Low
2258,0.049273107,0,C14,35.0,138520.0,Low
2104,0.04887949,0,C7,39.0,79523.0,Low
791,0.048793413,0,C4,35.0,84961.0,Low
954,0.04806599,0,C13,29.0,43996.0,Low
1051,0.0472269,0,C5,32.0,77483.0,Low
2198,0.047175046,0,C14,46.0,76426.83333333333,Low
569,0.047172945,0,C26,38.0,111743.0,Low
1327,0.04666545,0,C29,38.0,34261.84210526316,Low
1259,0.046524223,0,C21,37.0,72550.0,Low
173,0.04610707,0,C28,37.0,56174.0,Low
2690,0.045253176,0,C11,24.0,78632.75,Low
1840,0.044719823,0,C6,29.0,34856.625,Low
2166,0.04463421,0,C29,41.0,31780.0,Low
1606,0.04407789,0,C12,42.0,99127.0,Low
368,0.043762483,0,C23,43.0,47368.0,Low
2223,0.043511786,0,C13,40.0,35442.0,Low
1039,0.04318295,0,C26,43.0,138069.0,Low
2257,0.042658992,0,C22,41.0,81933.0,Low
870,0.042517982,0,C29,35.0,93000.0,Low
1263,0.042470176,0,C16,37.0,62041.0,Low
450,0.041944116,0,C20,28.0,70415.0,Low
1662,0.041399922,0,C1,41.0,120954.0,Low
888,0.041267846,0,C1,30.0,52254.875,Low
1206,0.04058212,0,C15,41.0,66352.55555555556,Low
1864,0.040421247,0,C29,32.0,85688.0,Low
753,0.039768554,0,C16,33.0,59656.0,Low
25,0.039747056,0,C24,29.0,102077.0,Low
973,0.039287295,0,C22,45.0,90484.0,Low
718,0.039281994,0,C15,26.0,67490.0,Low
772,0.038895197,0,C29,29.0,75986.0,Low
1414,0.038839202,0,C29,29.0,47329.0,Low
1918,0.038139097,0,C21,29.0,66704.75,Low
1874,0.03804459,0,C26,36.0,55601.0,Low
1057,0.037684076,0,C29,32.0,52553.0,Low
1335,0.037661847,0,C18,32.0,157124.0,Low
252,0.037546,0,C24,35.0,81700.0,Low
604,0.037198678,0,C26,45.0,65856.0,Low
391,0.03684569,0,C22,35.0,133783.0,Low
77,0.036755685,0,C3,33.0,63918.0,Low
112,0.03674729,0,C29,44.0,50466.0,Low
1694,0.036500398,0,C15,28.0,61789.0,Low
2699,0.035905603,0,C29,39.0,92672.0,Low
556,0.03587385,0,C8,34.0,51658.0,Low
2615,0.035795018,0,C29,29.0,98935.0,Low
946,0.03557213,0,C22,42.0,58803.0,Low
199,0.035080515,0,C14,29.0,87902.0,Low
2625,0.033737425,0,C6,37.0,49131.5,Low
1549,0.033730406,0,C21,34.0,95945.0,Low
1243,0.03360241,0,C27,38.0,81975.0,Low
933,0.032914776,0,C19,35.0,75765.0,Low
1109,0.032866847,0,C27,35.0,88798.0,Low
275,0.0328366,0,C20,39.0,91149.5,Low
394,0.031327743,0,C20,32.0,97722.0,Low
1147,0.031265415,0,C29,35.0,69789.0,Low
2087,0.030681735,0,C24,50.0,94824.5,Low
2283,0.03034452,0,C19,35.0,59764.0,Low
2255,0.029923774,0,C25,38.0,133489.0,Low
2784,0.029679378,0,C24,33.0,82815.0,Low
1875,0.029459763,0,C2,43.0,74090.0,Low
2561,0.028794391,0,C24,41.0,81854.0,Low
1859,0.028098412,0,C22,33.0,37209.0,Low
2422,0.027931813,0,C4,46.0,111507.0,Low
1852,0.027443277,0,C3,54.0,70269.83333333333,Low
1334,0.027048836,0,C19,38.0,107712.0,Low
425,0.027044585,0,C22,45.0,30921.0,Low
2740,0.02619439,0,C22,45.0,35598.0,Low
1783,0.025526067,0,C14,43.0,50987.5,Low
2546,0.025307423,0,C10,34.0,70774.0,Low
150,0.02515979,0,C17,37.0,29013.0,Low
68,0.024800213,0,C29,30.0,79288.0,Low
448,0.024507672,0,C10,35.0,65389.0,Low
1588,0.024202868,0,C5,40.0,84516.0,Low
1642,0.023420485,0,C29,48.0,55774.0,Low
2251,0.023089431,0,C15,37.0,83604.0,Low
2725,0.022696795,0,C15,33.0,73538.0,Low
2714,0.02250652,0,C3,39.0,83969.0,Low
402,0.022348797,0,C24,44.0,91279.0,Low
662,0.021952951,0,C29,35.0,76548.0,Low
789,0.021183921,0,C22,38.0,67885.66666666667,Low
1892,0.020545226,0,C19,42.0,67732.0,Low
716,0.020504972,0,C1,42.0,58312.875,Low
2200,0.019100076,0,C15,34.0,69756.0,Low
2050,0.018785806,0,C29,34.0,92796.0,Low
